amanecer ,1,20-08-2019,11:26:51,100.22727272727273,95.60795454545455,36.38795454545454,3.2588636363636367
amanecer ,1,19-08-2019,23:56:51,100.84782608695652,94.7038043478261,30.916956521739117,4.2795652173913075
amanecer ,1,18-08-2019,23:56:51,71.26558265582656,68.12737127371274,31.933875338753378,4.0081300813008145
amanecer ,1,17-08-2019,23:56:51,43.11436170212766,41.380319148936174,32.531888297872364,4.433750000000002
amanecer ,1,16-08-2019,23:56:52,55.39612188365651,53.335180055401665,35.34966759002771,4.259196675900277
amanecer ,1,15-08-2019,23:56:52,162.64675324675324,149.17662337662338,29.967064935064943,3.8777662337662337
amanecer ,1,14-08-2019,23:56:52,188.54133333333334,175.808,29.829573333333332,3.805466666666667
amanecer ,1,13-08-2019,23:56:52,284.9105691056911,265.4878048780488,29.50983739837398,2.946287262872627
amanecer ,1,12-08-2019,23:56:52,138.72413793103448,127.82228116710876,32.28840848806365,3.6016445623342186
amanecer ,1,11-08-2019,23:56:52,52.93565683646113,50.70509383378016,35.759571045576386,3.341233243967827
amanecer ,1,10-08-2019,23:56:52,77.4376731301939,73.96398891966759,34.319556786703636,2.833767313019391
amanecer ,1,09-08-2019,23:56:52,263.2192513368984,238.09625668449198,31.543957219251354,2.0531550802139042
amanecer ,1,08-08-2019,23:56:52,144.75067750677508,132.6639566395664,30.48165311653117,2.5878048780487797
amanecer ,1,07-08-2019,23:56:52,119.69148936170212,111.93617021276596,33.31122340425533,2.5650265957446803
amanecer ,1,06-08-2019,23:56:52,125.14784946236558,116.10215053763442,32.905967741935484,3.12760752688172
amanecer ,1,05-08-2019,23:56:53,59.92084432717678,57.817941952506594,34.68712401055406,3.0992612137203186
amanecer ,1,04-08-2019,23:56:53,187.95821727019498,178.23955431754874,37.713983286908054,2.3439554317548748
amanecer ,1,03-08-2019,23:56:53,339.62326869806094,319.3268698060942,34.46789473684212,2.7269806094182822
amanecer ,1,02-08-2019,23:56:53,224.67362924281986,206.0574412532637,33.48791122715404,2.4029242819843333
amanecer ,1,01-08-2019,23:56:53,104.49863760217984,95.73841961852861,33.524632152588545,3.3028337874659415
amanecer ,1,31-07-2019,23:56:53,41.52815013404826,39.76407506702413,35.85305630026807,3.3808579088471866
amanecer ,1,30-07-2019,23:56:53,41.417344173441734,40.37940379403794,35.86455284552844,4.946883468834691
amanecer ,1,29-07-2019,23:56:53,40.828337874659404,39.53950953678474,35.81863760217983,4.665476839237057
amanecer ,1,28-07-2019,23:56:53,46.34501347708895,44.331536388140165,33.23525606469002,4.112614555256063
amanecer ,1,27-07-2019,23:56:53,253.73424657534247,233.7123287671233,34.71090410958903,2.9203287671232885
amanecer ,1,26-07-2019,23:56:53,155.68870523415978,145.42424242424244,32.64517906336088,4.08710743801653
amanecer ,1,25-07-2019,23:56:53,80.15616438356165,77.10684931506849,31.918849315068492,3.4816712328767108
amanecer ,1,24-07-2019,23:56:54,293.2958115183246,271.25916230366494,31.30183246073298,2.03892670157068
amanecer ,1,23-07-2019,23:56:54,278.8434065934066,259.3241758241758,34.508461538461525,1.6334065934065927
amanecer ,1,22-07-2019,23:56:54,156.58217270194987,147.991643454039,34.99515320334262,2.647827298050141
amanecer ,1,21-07-2019,23:56:54,44.34782608695652,42.391304347826086,35.419701086956536,2.8683423913043478
amanecer ,1,20-07-2019,23:56:54,35.3,34.07105263157895,35.27384210526312,3.7321578947368432
amanecer ,1,19-07-2019,23:56:54,69.90555555555555,66.48611111111111,36.16174999999999,3.358083333333333
amanecer ,1,18-07-2019,23:56:54,113.34818941504179,105.76323119777159,32.282618384401125,3.3616155988857948
amanecer ,1,17-07-2019,23:56:54,90.66666666666667,84.30874316939891,34.775136612021846,4.057650273224045
amanecer ,1,16-07-2019,23:56:54,111.73177083333333,104.94791666666667,31.96122395833332,2.894713541666665
amanecer ,1,15-07-2019,23:56:54,250.5483870967742,235.34139784946237,33.97422043010753,2.1104838709677414
amanecer ,1,14-07-2019,23:56:54,126.7961432506887,117.84848484848484,33.34556473829199,3.599035812672175
amanecer ,1,13-07-2019,23:56:55,72.26178010471205,68.52356020942409,30.143298429319362,3.8242146596858637
amanecer ,1,12-07-2019,23:56:55,35.17060367454068,33.971128608923884,27.940839895013134,4.063097112860894
amanecer ,1,11-07-2019,23:56:55,66.71045576407506,63.75335120643432,29.669383378016082,4.0709919571045585
amanecer ,1,10-07-2019,23:56:55,71.57066666666667,68.312,28.740026666666672,4.684799999999998
amanecer ,1,09-07-2019,23:56:55,33.43934426229508,32.42622950819672,9.469573770491804,1.9998360655737706
amanecer ,1,08-07-2019,23:56:39,64.64685314685315,62.18881118881119,0.0,0.0
amanecer ,1,07-07-2019,23:56:48,68.65853658536585,66.00348432055749,0.0,0.0
amanecer ,1,06-07-2019,23:56:57,220.72822299651568,204.74912891986062,0.0,0.0
amanecer ,1,05-07-2019,23:57:05,442.1533101045296,401.6794425087108,0.0,0.0
amanecer ,1,04-07-2019,23:51:20,273.7859531772575,249.62876254180603,5.934080267558528,0.44822742474916394
amanecer ,1,03-07-2019,23:51:20,100.9275,94.855,32.42710000000001,3.416775000000001
amanecer ,1,02-07-2019,23:51:20,77.5569306930693,73.42326732673267,31.549183168316844,3.1905940594059423
amanecer ,1,01-07-2019,23:51:20,160.6635294117647,146.4564705882353,28.95395294117649,1.9176705882352933
amanecer ,1,30-06-2019,23:53:44,68.38283062645012,64.33874709976799,29.641067285382828,1.961020881670536
amanecer ,1,29-06-2019,23:53:53,68.71162790697674,64.03023255813953,28.509534883720935,1.8311627906976748
amanecer ,1,28-06-2019,23:54:01,55.83062645011601,53.48723897911833,31.151740139211135,2.6937354988399083
amanecer ,1,27-06-2019,23:54:10,91.31786542923435,87.1276102088167,31.965197215777238,3.34385150812065
amanecer ,1,26-06-2019,23:54:19,48.34802784222738,46.65429234338747,32.29605568445474,3.222737819025521
amanecer ,1,25-06-2019,23:54:27,45.26218097447796,43.44779582366589,29.591879350348034,2.576566125290022
amanecer ,1,24-06-2019,23:54:36,79.26218097447796,74.23201856148492,30.44013921113687,2.0846867749419946
amanecer ,1,23-06-2019,23:54:44,47.75581395348837,45.834883720930236,27.49116279069768,3.982093023255814
amanecer ,1,22-06-2019,23:54:53,74.22505800464037,71.07192575406033,27.924361948955937,4.006960556844548
amanecer ,1,21-06-2019,23:55:02,65.78190255220417,63.06032482598608,27.018561484918795,4.124825986078887
amanecer ,1,20-06-2019,23:55:10,130.70997679814386,123.83758700696056,28.66821345707656,2.6187935034802794
amanecer ,1,19-06-2019,23:55:19,226.91981132075472,211.7688679245283,29.667688679245266,2.3132075471698124
amanecer ,1,18-06-2019,23:55:28,71.67517401392111,68.52436194895591,26.645475638051053,3.218561484918794
amanecer ,1,17-06-2019,23:55:36,184.0092807424594,170.46867749419954,26.356612529002327,2.3341067285382837
amanecer ,1,16-06-2019,23:55:45,110.93240093240094,104.15151515151516,18.964102564102568,3.882517482517485
amanecer ,1,15-06-2019,23:55:54,147.16511627906976,134.63023255813954,23.559767441860444,2.5416279069767445
amanecer ,1,14-06-2019,23:56:02,168.62877030162414,155.80974477958236,28.74733178654292,2.3352668213457064
amanecer ,1,13-06-2019,23:56:11,60.30858468677494,57.779582366589324,30.401624129930394,2.913921113689095
amanecer ,1,12-06-2019,23:56:19,143.16705336426915,132.06032482598607,30.163805104408365,3.3663573085846847
amanecer ,1,11-06-2019,23:56:28,131.0092807424594,123.34570765661253,29.17354988399073,2.2566125290023202
amanecer ,1,10-06-2019,23:56:37,105.07424593967518,97.43387470997679,30.106032482598597,2.882366589327145
amanecer ,1,09-06-2019,23:56:45,47.76923076923077,46.08391608391609,29.29906759906761,3.7913752913752914
amanecer ,1,08-06-2019,23:56:54,54.733178654292345,52.64733178654292,26.942459396751726,3.8225058004640378
amanecer ,1,07-06-2019,23:57:03,64.48259860788863,61.74709976798144,28.078886310904885,3.5139211136890927
amanecer ,1,06-06-2019,23:57:11,71.21860465116279,67.19534883720931,29.761162790697657,3.334418604651163
amanecer ,1,05-06-2019,23:57:20,41.41492537313433,39.961194029850745,30.52059701492536,3.9083582089552236
amanecer ,1,04-06-2019,23:55:42,42.56744186046512,41.0,30.074418604651157,4.521162790697674
amanecer ,1,03-06-2019,23:55:51,87.42227378190255,83.58700696055685,29.863573085846866,4.096519721577726
amanecer ,1,02-06-2019,23:56,41.322505800464036,39.8677494199536,30.144779582366585,4.362412993039444
amanecer ,1,01-06-2019,23:56:08,34.28438228438228,33.10489510489511,28.42424242424242,4.381818181818182
amanecer ,1,30-05-2019,23:56:25,26.102088167053363,25.155452436194896,27.670301624129927,4.545707656612527
amanecer ,1,29-05-2019,23:56:34,43.50232558139535,41.74418604651163,29.00604651162791,3.4404651162790687
amanecer ,1,28-05-2019,23:56:43,166.42227378190256,154.9907192575406,27.1489559164733,3.310440835266821
amanecer ,1,27-05-2019,23:56:51,193.34802784222737,180.93735498839908,28.802088167053352,3.537819025522042
amanecer ,1,26-05-2019,23:57,165.8352668213457,155.8027842227378,28.15870069605569,3.6983758700696088
amanecer ,1,25-05-2019,23:57:09,206.79814385150812,192.90719257540604,27.956844547563804,2.696055684454756
amanecer ,1,24-05-2019,23:57:17,164.3948598130841,152.7803738317757,29.452570093457933,2.0021028037383197
amanecer ,1,23-05-2019,23:57:26,93.82366589327147,87.60788863109049,30.89327146171693,1.6626450116009273
amanecer ,1,22-05-2019,23:57:35,213.1728971962617,197.42990654205607,29.99906542056074,1.8432242990654195
amanecer ,1,21-05-2019,23:57:44,223.40515222482435,206.8407494145199,28.088758782201392,2.2709601873536305
amanecer ,1,20-05-2019,23:57:52,129.47441860465116,120.34651162790698,26.83837209302324,3.0176744186046514
amanecer ,1,19-05-2019,23:58:01,144.85614849187934,134.69605568445476,28.769837587006965,2.5106728538283067
amanecer ,1,18-05-2019,23:58:09,113.14849187935035,105.81670533642692,27.255452436194883,3.127378190255219
amanecer ,1,17-05-2019,23:58:18,90.56612529002321,84.75870069605568,29.072853828306275,4.024593967517401
amanecer ,1,16-05-2019,23:58:26,126.43619489559164,119.22505800464037,27.683062645011596,4.098607888631088
amanecer ,1,15-05-2019,23:58:35,231.40139211136892,216.8816705336427,28.400928074245932,3.533410672853829
amanecer ,1,14-05-2019,23:58:44,229.63744075829385,220.04502369668248,28.405450236966818,3.2760663507108987
amanecer ,1,13-05-2019,23:58:52,144.44158878504672,137.10981308411215,28.80210280373832,3.540887850467292
amanecer ,1,12-05-2019,23:53:19,116.32482598607889,108.60788863109049,29.988631090487257,4.549651972157771
amanecer ,1,11-05-2019,23:53:28,48.87703016241299,47.283062645011604,25.694199535962866,4.907656612529002
amanecer ,1,10-05-2019,23:53:36,94.93271461716937,90.74709976798144,27.9429234338747,3.9320185614849184
amanecer ,1,09-05-2019,23:53:45,64.76566125290023,62.582366589327144,28.476102088167057,3.9489559164733175
amanecer ,1,08-05-2019,23:53:54,44.77622377622377,43.23310023310023,27.086480186480195,3.698135198135199
amanecer ,1,07-05-2019,23:54:02,27.94431554524362,27.051044083526683,29.252204176334107,3.590719257540606
amanecer ,1,06-05-2019,23:54:11,32.027027027027025,30.90810810810811,22.506216216216213,2.5204054054054055
amanecer ,1,05-05-2019,23:59:15,34.72978303747534,33.49704142011834,23.176923076923078,4.159467455621302
amanecer ,1,04-05-2019,23:59:35,53.97913043478261,51.469565217391306,19.50756521739131,3.9315652173913045
amanecer ,1,03-05-2019,23:59:44,24.56,23.805217391304346,22.66582608695653,3.9175652173913043
amanecer ,1,02-05-2019,23:59:52,72.30208333333333,70.18055555555556,23.90590277777777,3.840364583333333
amanecer ,1,01-05-2019,23:59:50,27.22086956521739,26.30086956521739,20.33686956521739,3.3587826086956536
amanecer ,1,30-04-2019,22:50:10,154.83015597920277,143.69670710571924,19.841161178509537,2.2908145580589263
amanecer ,1,29-04-2019,23:50:18,63.01215277777778,59.520833333333336,19.95755208333333,2.899565972222222
amanecer ,1,28-04-2019,23:50:27,78.51826086956521,74.89565217391305,21.07521739130433,3.49713043478261
amanecer ,1,27-04-2019,23:50:36,71.77043478260869,69.58956521739131,20.641565217391296,3.570956521739131
amanecer ,1,26-04-2019,23:50:44,165.1138211382114,158.08130081300814,19.964227642276423,3.0304878048780473
centro ,1,20-08-2019,11:25:13,1551.2593984962407,1531.3684210526317,23.12902255639097,2.3427067669172925
centro ,1,19-08-2019,23:55:13,942.899641577061,853.8745519713261,20.179928315412187,2.824695340501792
centro ,1,18-08-2019,23:55:13,906.2732142857143,786.0160714285714,21.65378571428572,2.542410714285714
centro ,1,17-08-2019,23:55:13,333.1675675675676,332.56396396396394,24.586306306306266,2.794522522522521
centro ,1,16-08-2019,23:55:13,601.6227436823104,607.2274368231047,24.94543321299637,2.5631768953068583
centro ,1,15-08-2019,23:55:14,943.8014705882352,861.8088235294117,20.598033088235294,2.8505698529411765
centro ,1,14-08-2019,23:55:14,2311.6536412078153,2219.3499111900533,19.628294849023096,2.4340852575488463
centro ,1,13-08-2019,23:55:14,1308.4750889679715,1158.0071174377224,19.678131672597864,1.9293594306049822
centro ,1,12-08-2019,23:55:14,690.595281306715,637.8802177858439,22.858784029038077,2.4056624319419235
centro ,1,11-08-2019,23:55:14,373.4418604651163,338.9785330948122,25.551413237924812,2.138282647584973
centro ,1,10-08-2019,23:55:14,876.7906137184116,893.0541516245487,21.79987364620939,1.8619675090252719
centro ,1,09-08-2019,23:55:14,1532.5097690941386,1545.316163410302,20.152912966252217,1.477087033747779
centro ,1,08-08-2019,23:55:14,817.4604316546763,818.68345323741,19.812589928057562,1.7513489208633095
centro ,1,07-08-2019,23:55:14,1342.3460144927535,1315.8985507246377,22.281793478260877,1.8236231884057963
centro ,1,06-08-2019,23:55:14,1134.7454873646209,1046.6046931407943,23.079945848375434,2.0387906137184113
centro ,1,05-08-2019,23:55:14,642.2549371633752,574.181328545781,23.393195691202887,2.1114721723518843
centro ,1,04-08-2019,23:55:14,1801.8540925266905,1811.8220640569396,22.873469750889683,1.7768149466192176
centro ,1,03-08-2019,23:55:15,1394.7724014336918,1331.4336917562723,21.94928315412186,1.8568637992831547
centro ,1,02-08-2019,23:55:15,1043.0,1044.262118491921,22.094811490125664,1.8384021543985645
centro ,1,01-08-2019,23:55:15,523.4353369763206,504.1056466302368,22.967540983606526,2.2007103825136625
centro ,1,31-07-2019,23:55:15,473.81607142857143,411.7875,25.33969642857138,2.227625
centro ,1,30-07-2019,23:55:15,353.29107142857146,326.3910714285714,25.50710714285709,3.072892857142859
centro ,1,29-07-2019,23:55:15,274.38309352517985,276.1276978417266,24.99248201438848,2.9264928057553954
centro ,1,28-07-2019,23:55:15,492.59493670886076,464.6130198915009,22.962386980108498,2.676600361663653
centro ,1,27-07-2019,23:55:15,2020.6297640653358,1979.5390199637025,22.11079854809438,2.05535390199637
centro ,1,26-07-2019,23:55:15,1387.3909090909092,1368.2763636363636,21.58834545454545,2.598400000000002
centro ,1,25-07-2019,23:55:15,945.8994614003591,997.1472172351885,20.792172351885092,2.168563734290845
centro ,1,24-07-2019,23:55:15,1351.0900621118012,1364.7267080745341,19.40863354037267,2.149813664596274
centro ,1,23-07-2019,18:20:13,89.18627450980392,81.87254901960785,10.00245098039216,0.4418627450980393
centro ,1,22-07-2019,23:54:07,45.15185185185185,41.24444444444445,24.40490740740738,1.8327962962962963
centro ,1,21-07-2019,23:54:07,18.22905027932961,16.370577281191807,26.598510242085602,1.874506517690876
centro ,1,20-07-2019,23:54:07,7.424354243542435,6.522140221402214,26.357380073800677,2.4229520295202933
centro ,1,19-07-2019,23:54:07,36.6070110701107,33.745387453874535,23.940239852398502,2.2718819188191888
centro ,1,18-07-2019,23:54:07,67.18181818181819,61.283858998144716,21.67675324675324,2.1987940630797778
centro ,1,17-07-2019,23:54:07,29.762172284644194,26.9438202247191,26.09964419475654,2.6324906367041194
centro ,1,16-07-2019,23:54:07,75.70786516853933,69.0561797752809,21.649194756554312,2.203932584269663
centro ,1,15-07-2019,23:54:07,90.24144486692015,82.57224334600761,22.211292775665406,1.8173384030418245
centro ,1,14-07-2019,23:54:07,51.754189944134076,46.981378026070765,24.092327746741145,2.505884543761639
centro ,1,13-07-2019,23:54:07,26.14917127071823,24.05709023941068,23.797145488029447,2.6947697974217317
centro ,1,12-07-2019,23:54:08,23.018691588785046,21.03551401869159,21.68304672897196,2.701177570093458
centro ,1,11-07-2019,23:54:08,38.81617647058823,35.85845588235294,22.786360294117642,2.784448529411765
centro ,1,10-07-2019,23:54:08,29.594444444444445,27.340740740740742,24.069074074074077,3.127351851851853
centro ,1,09-07-2019,23:54:08,9.88909426987061,9.012939001848428,20.887615526802218,3.4377818853974134
centro ,1,08-07-2019,23:54:08,21.682070240295747,19.76894639556377,21.337634011090564,3.190850277264326
centro ,1,07-07-2019,23:54:08,33.767918088737204,31.474402730375427,36.97778156996586,6.110819112627986
centro ,1,06-07-2019,23:54:08,0.0,0.0,78.48482517482522,8.156363636363636
centro ,1,05-07-2019,23:54:08,0.0,0.0,79.45615384615385,6.2485314685314695
centro ,1,04-07-2019,23:54:08,0.0,0.0,85.82608391608392,8.085804195804199
centro ,1,03-07-2019,23:54:08,0.0,0.0,96.24860139860125,9.088531468531475
centro ,1,02-07-2019,23:54:08,0.0,0.0,93.77125874125862,8.505524475524474
centro ,1,01-07-2019,23:54:08,0.0,0.0,84.5390579710145,6.092318840579706
centro ,1,30-06-2019,23:59:44,32.19826086956522,29.63304347826087,21.754347826086967,1.6010434782608702
centro ,1,29-06-2019,23:59:44,44.91130434782609,40.928695652173914,21.366086956521738,1.4838260869565214
centro ,1,28-06-2019,23:59:44,32.93391304347826,30.68695652173913,23.864173913043434,2.2168695652173915
centro ,1,27-06-2019,23:59:44,43.853658536585364,41.12891986062718,24.887979094076595,2.507491289198607
centro ,1,26-06-2019,23:59:44,18.812280701754386,17.54561403508772,25.062631578947308,2.3715789473684197
centro ,1,25-06-2019,23:59:44,20.253496503496503,18.573426573426573,24.460139860139833,1.8419580419580417
centro ,1,24-06-2019,23:59:44,26.821678321678323,24.596153846153847,23.34326923076923,1.677972027972028
centro ,1,23-06-2019,23:59:45,22.250434782608696,20.518260869565218,21.304869565217395,2.906608695652174
centro ,1,22-06-2019,23:59:45,41.43826086956522,38.64695652173913,20.038260869565217,2.959304347826087
centro ,1,21-06-2019,23:59:45,25.163478260869564,23.436521739130434,20.49860869565218,2.835304347826087
centro ,1,20-06-2019,23:59:45,92.48173913043479,85.4608695652174,19.563304347826087,2.051826086956521
centro ,1,19-06-2019,23:59:45,75.94260869565217,70.13217391304347,20.015652173913054,1.9281739130434787
centro ,1,18-06-2019,23:59:45,48.622608695652175,44.93739130434783,18.488521739130448,2.44504347826087
centro ,1,17-06-2019,23:59:45,102.55478260869565,93.3704347826087,17.590434782608693,1.843130434782609
centro ,1,16-06-2019,23:59:45,52.285714285714285,47.51045296167247,13.687979094076658,2.812891986062717
centro ,1,15-06-2019,23:59:45,54.491289198606275,49.60801393728223,17.060627177700344,1.9503484320557498
centro ,1,14-06-2019,23:59:45,46.40630472854641,42.75131348511383,22.513485113835348,1.8646234676007003
centro ,1,13-06-2019,23:59:45,27.38568935427574,25.49738219895288,24.809424083769596,2.171902268760907
centro ,1,12-06-2019,23:59:45,42.17832167832168,38.80244755244755,23.984440559440543,2.4786713286713287
centro ,1,11-06-2019,23:59:45,63.391304347826086,58.14608695652174,19.839913043478262,1.986434782608695
centro ,1,10-06-2019,23:59:46,45.02086956521739,41.42956521739131,21.635304347826082,2.343478260869566
centro ,1,09-06-2019,23:59:46,19.37913043478261,17.998260869565218,21.015999999999995,2.913391304347825
centro ,1,08-06-2019,23:59:46,26.001739130434782,24.029565217391305,18.862956521739132,2.888521739130434
centro ,1,07-06-2019,23:59:46,46.18357487922705,43.07729468599034,55.74589371980676,7.526086956521738
centro ,1,06-06-2019,23:59:24,0.0,0.0,93.98321678321682,10.059440559440558
centro ,1,05-06-2019,23:59:24,0.0,0.0,90.89160839160837,12.72307692307692
centro ,1,04-06-2019,23:59:24,0.0,0.0,91.39230769230771,12.906993006993002
centro ,1,03-06-2019,23:59:24,0.0,0.0,86.13846153846154,12.51608391608392
centro ,1,02-06-2019,23:59:24,0.0,0.0,95.14965034965026,12.726573426573419
centro ,1,01-06-2019,23:59:24,0.0,0.0,89.35804195804192,12.723076923076924
centro ,1,30-05-2019,23:59:47,10.742608695652175,9.796521739130435,22.018608695652173,3.1857391304347815
centro ,1,29-05-2019,23:59:47,37.530434782608694,34.53739130434783,22.346260869565217,2.441478260869566
centro ,1,28-05-2019,23:59:47,93.85391304347826,86.1895652173913,18.521913043478257,2.6186086956521746
centro ,1,27-05-2019,23:59:47,76.87826086956522,70.98260869565217,19.443130434782606,2.8302608695652185
centro ,1,26-05-2019,23:59:47,109.90086956521739,100.76173913043478,19.49304347826087,2.7977391304347825
centro ,1,25-05-2019,23:59:47,151.01043478260868,137.9582608695652,19.340173913043483,2.065739130434783
centro ,1,24-05-2019,23:59:47,110.45217391304348,100.04521739130435,19.73408695652174,1.7123478260869565
centro ,1,23-05-2019,23:59:47,72.78086956521739,64.11826086956522,20.449826086956527,1.5829565217391302
centro ,1,22-05-2019,23:59:47,79.97043478260869,72.78434782608696,20.222782608695656,1.5899130434782611
centro ,1,21-05-2019,23:59:47,72.16,66.0695652173913,18.80608695652175,1.8652173913043482
centro ,1,20-05-2019,23:59:47,26.233449477351915,24.04006968641115,18.934668989547042,2.3097560975609768
centro ,1,19-05-2019,23:59:48,53.62608695652174,49.49739130434783,19.90817391304348,2.041217391304348
centro ,1,18-05-2019,23:59:48,68.50782608695653,62.61565217391304,19.679478260869562,2.3994782608695657
centro ,1,17-05-2019,23:59:48,31.27304347826087,28.603478260869565,23.22052173913043,2.9224347826086947
centro ,1,16-05-2019,23:59:48,64.0663082437276,59.331541218637994,19.790412186379932,3.1011648745519724
centro ,1,15-05-2019,23:51:47,116.66782608695652,108.5095652173913,19.349739130434777,2.762608695652175
centro ,1,14-05-2019,23:51:47,82.59304347826087,76.24695652173914,18.949043478260865,2.5881739130434798
centro ,1,13-05-2019,23:51:47,31.6707530647986,29.182136602451838,20.37302977232924,2.831698774080559
centro ,1,12-05-2019,23:53:58,26.78782608695652,24.84173913043478,22.301739130434786,3.493217391304348
centro ,1,11-05-2019,23:53:58,29.789565217391303,28.11130434782609,18.509913043478264,3.660173913043476
centro ,1,10-05-2019,23:53:58,63.29391304347826,58.82608695652174,21.606608695652167,2.967999999999999
centro ,1,09-05-2019,23:53:58,52.78434782608696,49.50608695652174,21.74226086956522,2.9714782608695662
centro ,1,08-05-2019,23:53:58,22.78782608695652,21.281739130434783,17.817217391304343,2.992173913043477
centro ,1,07-05-2019,23:53:58,6.357466063348416,5.918552036199095,52.01357466063346,7.616289592760177
centro ,1,06-05-2019,23:53:36,0.0,0.0,80.00419580419583,13.020979020979022
centro ,1,05-05-2019,23:53:36,0.0,0.0,78.59440559440563,14.924475524475511
centro ,1,04-05-2019,23:53:37,0.0,0.0,86.75874125874113,15.179020979020978
centro ,1,03-05-2019,23:53:37,0.0,0.0,99.89999999999976,14.4041958041958
centro ,1,02-05-2019,23:52:11,0.0,0.0,99.54265734265717,14.967832167832162
centro ,1,01-05-2019,23:52:11,0.0,0.0,76.29300699300698,13.399999999999997
centro ,1,30-04-2019,22:52:33,29.786355475763017,27.409335727109514,18.26624775583483,2.5842010771992805
centro ,1,29-04-2019,23:52:34,13.253913043478262,11.836521739130434,18.35704347826087,2.953739130434783
centro ,1,28-04-2019,23:52:34,26.690434782608694,24.907826086956522,20.756695652173896,3.4834782608695645
centro ,1,27-04-2019,23:52:34,53.50782608695652,50.44695652173913,19.088695652173914,3.5553043478260875
centro ,1,26-04-2019,23:52:34,55.30608695652174,51.598260869565216,18.536869565217383,3.4304347826086947
centro ,1,25-04-2019,23:52:34,97.22434782608696,89.5704347826087,20.73373913043479,3.19008695652174
centro ,1,24-04-2019,23:52:34,85.3495652173913,78.61043478260869,18.123999999999995,2.7970434782608695
centro ,1,23-04-2019,23:52:34,36.09581881533101,33.3815331010453,16.94442508710802,3.0501742160278744
centro ,1,22-04-2019,23:52:34,18.964973730297725,17.637478108581437,17.592294220665487,3.0513134851138357
centro ,1,21-04-2019,23:59:55,26.217391304347824,24.342608695652174,18.366782608695647,2.775130434782608
centro ,1,20-04-2019,23:59:55,43.08,40.03826086956522,17.593913043478263,2.8629565217391297
centro ,1,19-04-2019,23:59:55,23.984293193717278,22.63525305410122,18.843455497382205,3.626527050610822
centro ,1,18-04-2019,23:59:55,48.045112781954884,45.70676691729323,19.29624060150376,3.777443609022557
el carmen ,1,20-08-2019,11:29:35,4318960.53125,4368928.15625,94.56093859374998,7.834375000000001
el carmen ,1,19-08-2019,23:50:54,3804967.196850394,3301489.68503937,76.9188990551181,11.230708661417324
el carmen ,1,18-08-2019,23:53:22,3503929.6511627906,3364978.310077519,75.61783093023256,12.245736434108531
el carmen ,1,17-08-2019,23:55:15,3170230.59375,3166645.609375,84.991407578125,11.065624999999999
el carmen ,1,16-08-2019,23:56:58,4303293.984375,4273567.90625,90.06250210937502,10.009375
el carmen ,1,15-08-2019,23:59:44,3225917.8347107437,3217906.008264463,74.8115707438017,11.042975206611569
el carmen ,1,14-08-2019,23:52:03,3049117.734375,3535497.375,73.45234546875005,10.446874999999995
el carmen ,1,13-08-2019,23:58:47,4214558.736434109,4569101.069767442,70.17286937984495,9.723255813953493
el carmen ,1,12-08-2019,23:55:08,3492367.796875,3441076.25,79.84765757812497,10.558593749999998
el carmen ,1,11-08-2019,23:51:01,3661770.1953125,3566149.171875,92.39297117187506,8.458593750000002
el carmen ,1,10-08-2019,23:51:07,4002458.57480315,4184692.9212598423,90.22913551181105,6.488188976377955
el carmen ,1,09-08-2019,23:49:20,4000345.328125,4129747.9296875,74.19687632812503,7.3226562500000005
el carmen ,1,08-08-2019,23:56:14,3650401.8604651163,3659227.589147287,68.60930333333332,10.051937984496128
el carmen ,1,07-08-2019,23:56:28,3623519.484375,3567286.6015625,75.98047007812502,9.399218749999996
el carmen ,1,06-08-2019,23:57:39,3855491.069767442,3889925.2868217053,77.48217217054265,9.548062015503874
el carmen ,1,05-08-2019,23:59:07,3630794.396946565,3759069.244274809,86.64122358778617,8.446564885496185
el carmen ,1,04-08-2019,23:55:05,3948293.5581395347,3654652.8527131784,87.65116558139545,6.931007751937982
el carmen ,1,03-08-2019,23:50:44,3638930.798449612,3434112.4418604653,73.5472883720931,10.06744186046511
el carmen ,1,02-08-2019,23:55:25,3850447.3565891474,3800110.3410852714,79.26666837209302,8.267441860465116
el carmen ,1,01-08-2019,23:53:45,4295904.5,4242450.0390625,75.90390742187499,10.603125000000006
el carmen ,1,31-07-2019,23:59:10,3637063.2868217053,3560453.2403100776,86.49069883720935,9.513953488372094
el carmen ,1,30-07-2019,23:58:33,3085640.9606299214,3397101.937007874,91.51023787401581,12.522834645669299
el carmen ,1,29-07-2019,23:56:55,3575628.604651163,3679436.7674418604,91.0744202325582,11.64728682170543
el carmen ,1,28-07-2019,23:58:03,3830886.2248062016,3622256.418604651,84.17907155038756,10.329457364341081
el carmen ,1,27-07-2019,23:57:30,3618103.80620155,3577468.8759689922,81.41705519379845,8.296124031007748
el carmen ,1,26-07-2019,23:57:26,3778422.968992248,4077211.069767442,74.89379976744183,11.748062015503873
el carmen ,1,25-07-2019,23:59:16,3090444.685714286,2984744.1428571427,74.05142857142854,9.74285714285714
el carmen ,1,24-07-2019,18:10:17,4059260.7916666665,3706308.21875,67.21666812499997,9.89479166666667
el carmen ,1,23-07-2019,23:52:18,3506929.0078740157,3426936.283464567,74.00000110236225,7.737007874015746
el carmen ,1,22-07-2019,23:53:21,3290198.589147287,3339962.6511627906,81.07984612403104,9.187596899224804
el carmen ,1,21-07-2019,23:59:13,3257617.5581395347,3348241.914728682,89.05891658914733,8.27519379844961
el carmen ,1,20-07-2019,23:57:50,3693127.2047244096,3946650.023622047,91.04960881889764,11.060629921259837
el carmen ,1,19-07-2019,23:59:17,3103913.511627907,3297909.581395349,88.889924496124,9.620155038759691
el carmen ,1,18-07-2019,23:59:12,3937377.8376068375,3827278.7435897435,83.72478743589743,8.561538461538463
el carmen ,1,17-07-2019,23:53:16,3585275.8372093025,4106335.108527132,84.69147457364342,11.062790697674416
el carmen ,1,16-07-2019,23:53:17,3668699.8846153845,4009198.8538461537,82.80461653846156,8.256153846153845
el carmen ,1,15-07-2019,23:55:58,3968350.081967213,3742086.3114754097,66.96229639344261,9.603278688524592
el carmen ,1,14-07-2019,22:26:18,1000.0,1000.0,92.7,4.0
el carmen ,1,13-07-2019,17:52:45,1817781.0,178663.0,84.3,9.9
el carmen ,1,12-07-2019,17:19:49,2257336.2045454546,2163196.8068181816,48.18750000000002,16.41818181818182
el carmen ,1,11-07-2019,23:54:46,5030483.633333334,4807478.966666667,50.50333333333333,19.92666666666667
el carmen ,1,31-12-1999,21:00:49,7706984.0,7309694.0,39.1,16.7
labranza ,2,20-08-2019,11:30:11,3297998.4820143883,3471393.366906475,94.1424482733813,8.150359712230212
labranza ,2,19-08-2019,23:53:24,3485271.079861111,3491109.6770833335,81.47743177083335,10.835069444444436
labranza ,2,18-08-2019,23:57:57,4613146.848920863,4449626.183453238,83.46367097122308,10.044604316546756
labranza ,2,17-08-2019,23:54:28,3337036.4325259514,3355426.3356401385,87.32110910034606,11.202768166089959
labranza ,2,16-08-2019,23:51:04,3533619.184027778,3222913.503472222,91.76701559027778,9.94930555555556
labranza ,2,15-08-2019,23:57:54,2997401.004854369,2944316.432038835,83.01844747572817,9.15533980582524
labranza ,2,14-08-2019,23:51:31,2948651.697080292,2963466.9963503648,79.3624100729928,8.931386861313861
labranza ,2,13-08-2019,23:55:44,4077279.0883392226,3967855.7208480565,74.68728010600702,7.6537102473498235
labranza ,2,12-08-2019,23:59:52,3944819.1041666665,3785658.652777778,84.90069597222218,9.072916666666664
labranza ,2,11-08-2019,23:56:29,4193770.2604166665,4095461.0104166665,92.22014114583331,8.754166666666677
labranza ,2,10-08-2019,23:53:01,4042117.809027778,4037641.6979166665,89.80555753472224,6.5520833333333295
labranza ,2,09-08-2019,23:57:16,3690790.8615916953,3758925.0242214534,80.90830588235292,5.333217993079588
labranza ,2,08-08-2019,23:54:01,3622610.3183391006,3747775.221453287,77.61176584775086,6.850173010380623
labranza ,2,07-08-2019,23:50:39,3550789.1219512196,3629291.6097560977,87.39233592334499,6.4383275261324036
labranza ,2,06-08-2019,23:52:44,3837921.1944444445,3741615.8854166665,84.03368215277774,8.194444444444441
labranza ,2,05-08-2019,23:54:51,3538907.12543554,3506463.588850174,89.55366027874564,8.043205574912895
labranza ,2,04-08-2019,23:59:05,3448694.0449826987,3704820.5640138406,93.84844512110726,5.130795847750864
labranza ,2,03-08-2019,23:55:41,3147070.8279569894,3223484.1541218637,84.55484025089604,6.564516129032257
labranza ,2,02-08-2019,23:52:17,3851748.3854166665,3677263.6319444445,86.24132093749998,6.129513888888888
labranza ,2,01-08-2019,23:56:36,3770565.4618055555,3995878.409722222,81.78333475694441,8.675694444444446
labranza ,2,31-07-2019,23:53:11,3230369.0634920634,4118776.9206349207,89.1894196825398,8.570899470899466
labranza ,2,30-07-2019,23:57:35,3388459.230769231,3286517.8181818184,92.94895321678322,11.906293706293717
labranza ,2,29-07-2019,23:59:34,3742807.340277778,3661174.590277778,91.49514097222232,11.17986111111111
labranza ,2,28-07-2019,23:53:42,3328017.9444444445,3449347.465277778,86.35972395833339,9.806944444444447
labranza ,2,27-07-2019,23:50:03,3223145.832167832,3322155.4895104896,84.89930216783216,6.734965034965034
labranza ,2,26-07-2019,23:56:33,3489087.902777778,3580931.0555555555,82.83750208333338,8.96458333333334
labranza ,2,25-07-2019,23:51:10,5606675.605263158,5398791.131578947,75.58947394736845,9.518421052631577
labranza ,2,24-07-2019,18:08:02,3046711.137614679,3430369.7247706424,79.78715715596331,4.790825688073393
labranza ,2,23-07-2019,23:53:11,2795224.6666666665,2439377.4444444445,78.15833472222222,4.4944444444444445
pedro valdivia ,1,20-08-2019,11:26:30,81.50936329588015,75.4307116104869,25.410262172284618,1.8688389513108616
pedro valdivia ,1,19-08-2019,23:56:30,63.40036231884058,58.8731884057971,23.08081521739128,2.5819565217391327
pedro valdivia ,1,18-08-2019,23:56:30,57.45126353790614,53.021660649819495,23.60016245487361,2.412202166064982
pedro valdivia ,1,17-08-2019,23:56:30,42.85405405405405,39.68468468468468,24.80726126126123,2.7496936936936938
pedro valdivia ,1,16-08-2019,23:56:30,48.17657657657658,44.47027027027027,25.342360360360335,2.476396396396396
pedro valdivia ,1,15-08-2019,23:56:30,81.55415162454874,75.7057761732852,23.203880866425965,2.5004151624548756
pedro valdivia ,1,14-08-2019,23:56:30,146.24144144144145,136.34414414414414,23.458936936936915,2.0703243243243237
pedro valdivia ,1,13-08-2019,23:56:30,88.66909090909091,81.74545454545455,22.43718181818179,1.8088181818181817
pedro valdivia ,1,12-08-2019,23:56:30,63.61594202898551,59.19202898550725,23.907391304347797,2.1996195652173927
pedro valdivia ,1,11-08-2019,23:56:30,32.64056939501779,30.101423487544483,25.02419928825619,2.104092526690391
pedro valdivia ,1,10-08-2019,23:56:30,72.45098039215686,67.18538324420678,24.857272727272697,1.527326203208555
pedro valdivia ,1,09-08-2019,23:56:30,121.02909090909091,111.63090909090909,24.203709090909058,1.0738727272727273
pedro valdivia ,1,08-08-2019,23:56:31,95.97122302158273,88.61690647482014,22.313848920863283,1.4971043165467615
pedro valdivia ,1,07-08-2019,23:56:31,104.96947935368043,97.19389587073609,24.517935368043062,1.5105565529622986
pedro valdivia ,1,06-08-2019,23:56:31,54.96601073345259,50.402504472271914,23.79917710196778,1.9799284436493734
pedro valdivia ,1,05-08-2019,23:56:31,39.118705035971225,35.62589928057554,24.935701438848888,1.9517266187050362
pedro valdivia ,1,04-08-2019,23:56:31,140.16221033868092,129.0374331550802,25.29010695187161,1.2819964349376107
pedro valdivia ,1,03-08-2019,23:56:31,151.26929982046678,140.45062836624777,24.098114901256704,1.5912746858168763
pedro valdivia ,1,02-08-2019,23:56:31,93.0625,85.4375,24.44349999999996,1.4908214285714299
pedro valdivia ,1,01-08-2019,23:56:31,50.18505338078292,46.236654804270465,23.632277580071147,2.1124555160142338
pedro valdivia ,1,31-07-2019,23:56:31,29.93404634581105,27.245989304812834,24.69787878787876,2.300463458110516
pedro valdivia ,1,30-07-2019,23:56:31,28.535911602209946,26.585635359116022,25.915046040515627,3.3480847145488024
pedro valdivia ,1,29-07-2019,23:56:31,27.14516129032258,25.24372759856631,25.25775985663079,3.022186379928316
pedro valdivia ,1,28-07-2019,23:56:31,35.257246376811594,32.30434782608695,25.019021739130416,2.617916666666667
pedro valdivia ,1,27-07-2019,23:56:32,155.74234234234234,144.25225225225225,24.987603603603567,1.6825045045045035
pedro valdivia ,1,26-07-2019,23:56:32,95.61032028469751,88.61921708185054,23.581192170818486,2.4287544483985775
pedro valdivia ,1,25-07-2019,23:56:32,98.26258992805755,90.89388489208633,23.676079136690618,1.9366906474820151
pedro valdivia ,1,24-07-2019,23:56:32,98.32798573975045,90.44919786096257,23.295044563279827,1.382620320855615
pedro valdivia ,1,23-07-2019,23:56:32,95.40036231884058,87.97463768115942,24.676268115941994,1.0044384057971012
pedro valdivia ,1,22-07-2019,23:56:32,102.01633393829401,94.57531760435572,24.82130671506349,1.475063520871144
pedro valdivia ,1,21-07-2019,23:56:32,37.998204667863554,35.193895870736085,25.18378815080789,1.8188689407540393
pedro valdivia ,1,20-07-2019,23:56:32,17.851785714285715,16.34464285714286,25.422196428571397,2.471875
pedro valdivia ,1,19-07-2019,23:56:32,84.54464285714286,79.12321428571428,25.030624999999972,2.0418214285714296
pedro valdivia ,1,18-07-2019,23:56:32,104.25581395348837,95.90339892665475,23.5422540250447,1.7879069767441849
pedro valdivia ,1,17-07-2019,23:56:32,49.85637342908438,46.1508078994614,24.834757630161548,2.634380610412927
pedro valdivia ,1,16-07-2019,23:56:32,117.06375227686704,108.20218579234972,24.98908925318758,1.8938069216757742
pedro valdivia ,1,15-07-2019,23:56:33,133.68043087971276,123.65888689407541,24.349245960502657,1.311184919210053
pedro valdivia ,1,14-07-2019,23:56:33,67.58110516934046,62.2620320855615,23.537825311942942,2.332887700534758
pedro valdivia ,1,13-07-2019,23:56:33,59.524500907441016,55.34301270417423,24.497731397459134,2.4237931034482765
pedro valdivia ,1,12-07-2019,23:56:33,53.15232974910394,48.54838709677419,23.434767025089585,2.3522401433691758
pedro valdivia ,1,11-07-2019,23:56:33,103.98360655737704,96.59562841530055,24.706994535519097,2.3728233151183975
pedro valdivia ,1,10-07-2019,23:56:33,65.07039711191335,60.505415162454874,24.480884476534285,2.928249097472923
pedro valdivia ,1,09-07-2019,23:56:33,22.816876122082586,21.017953321364452,23.45730700179532,3.3081867145421895
pedro valdivia ,1,08-07-2019,23:56:33,10.905940594059405,10.084158415841584,66.2069801980198,8.40232673267327
pedro valdivia ,1,07-07-2019,23:56:33,0.0,0.0,89.62069930069927,12.459090909090913
pedro valdivia ,1,06-07-2019,23:56:33,0.0,0.0,94.80531468531453,7.434615384615384
pedro valdivia ,1,05-07-2019,23:56:34,0.0,0.0,92.1993706293705,5.050489510489517
pedro valdivia ,1,04-07-2019,23:56:34,0.0,0.0,97.56916083916067,6.652027972027974
pedro valdivia ,1,03-07-2019,23:56:34,0.0,0.0,98.47125874125858,9.138881118881116
pedro valdivia ,1,02-07-2019,23:56:34,0.0,0.0,97.70608391608377,8.493146853146852
pedro valdivia ,1,01-07-2019,23:56:34,0.0,0.0,96.02359154929562,4.79985915492958
pedro valdivia ,1,30-06-2019,23:54:36,78.86434782608696,72.9408695652174,24.687478260869515,1.2300869565217392
pedro valdivia ,1,29-06-2019,23:54:36,60.61256544502618,56.06980802792321,23.68673647469456,1.1717277486910993
pedro valdivia ,1,28-06-2019,23:54:36,63.24173913043478,58.78434782608696,24.84069565217386,1.872347826086956
pedro valdivia ,1,27-06-2019,23:54:36,77.46608695652174,72.76695652173913,24.808695652173864,2.45913043478261
pedro valdivia ,1,26-06-2019,23:54:37,25.836521739130436,24.045217391304348,24.844695652173854,2.406434782608695
pedro valdivia ,1,25-06-2019,23:54:37,25.210434782608697,23.286956521739132,24.352869565217357,1.7558260869565216
pedro valdivia ,1,24-06-2019,23:54:37,53.95993031358885,50.76306620209059,24.281533101045284,1.5470383275261335
pedro valdivia ,1,23-06-2019,23:54:37,37.82782608695652,35.168695652173916,23.147826086956492,2.858086956521738
pedro valdivia ,1,22-06-2019,23:54:37,85.99652173913043,80.28347826086957,24.025913043478223,2.609913043478262
pedro valdivia ,1,21-06-2019,23:54:37,55.25739130434783,51.44695652173913,23.821739130434757,2.742782608695652
pedro valdivia ,1,20-06-2019,23:54:37,165.3078260869565,153.7826086956522,24.255130434782572,1.5495652173913042
pedro valdivia ,1,19-06-2019,23:54:37,164.75304347826088,152.45217391304348,24.049565217391272,1.4747826086956526
pedro valdivia ,1,18-06-2019,23:54:37,121.9686956521739,113.12869565217392,23.278260869565194,2.123999999999998
pedro valdivia ,1,17-06-2019,23:54:37,130.16695652173914,120.47826086956522,23.057043478260844,1.364
pedro valdivia ,1,16-06-2019,23:54:37,96.79895104895105,89.41258741258741,16.204370629370626,2.834440559440559
pedro valdivia ,1,15-06-2019,23:54:37,99.21913043478261,91.98782608695652,18.835652173913,1.8646956521739124
pedro valdivia ,1,14-06-2019,23:54:38,84.45565217391304,78.11826086956522,23.652347826086917,1.597391304347826
pedro valdivia ,1,13-06-2019,23:54:38,50.47826086956522,47.16173913043478,24.226782608695615,2.0321739130434766
pedro valdivia ,1,12-06-2019,23:54:38,95.60173913043478,88.17739130434782,24.475304347826043,2.288173913043478
pedro valdivia ,1,11-06-2019,23:54:38,131.0991304347826,121.83130434782609,23.798956521739097,1.62191304347826
pedro valdivia ,1,10-06-2019,23:54:38,92.65217391304348,86.15478260869565,24.00643478260865,2.023652173913044
pedro valdivia ,1,09-06-2019,23:54:38,31.321739130434782,29.189565217391305,23.85617391304346,2.7721739130434773
pedro valdivia ,1,08-06-2019,23:54:38,53.944347826086954,50.3704347826087,23.54121739130432,2.574608695652174
pedro valdivia ,1,07-06-2019,23:54:38,112.72463768115942,103.83574879227054,65.78743961352646,6.349758454106278
pedro valdivia ,1,06-06-2019,23:54:16,0.0,0.0,95.30279720279717,10.095104895104898
pedro valdivia ,1,05-06-2019,23:54:16,0.0,0.0,93.89230769230755,12.548251748251749
pedro valdivia ,1,04-06-2019,23:54:16,0.0,0.0,98.22447552447551,12.897202797202807
pedro valdivia ,1,03-06-2019,23:54:16,0.0,0.0,98.36433566433556,11.551748251748256
pedro valdivia ,1,02-06-2019,23:54:16,0.0,0.0,97.57552447552436,12.779720279720273
pedro valdivia ,1,01-06-2019,23:54:17,0.0,0.0,94.97762237762241,12.672727272727276
pedro valdivia ,1,30-05-2019,23:54:39,18.33217391304348,16.829565217391306,23.182260869565205,3.3053913043478245
pedro valdivia ,1,29-05-2019,23:54:39,66.99826086956521,61.80695652173913,24.271826086956473,2.329043478260871
pedro valdivia ,1,28-05-2019,23:54:39,137.95652173913044,127.57391304347826,22.78608695652171,2.1158260869565213
pedro valdivia ,1,27-05-2019,23:54:39,90.32347826086956,83.97565217391305,23.73634782608692,2.6266086956521737
pedro valdivia ,1,26-05-2019,23:54:39,165.33913043478262,153.56695652173914,23.471217391304318,2.6792173913043476
pedro valdivia ,1,25-05-2019,23:54:39,199.52521739130435,185.5391304347826,23.520521739130402,1.7954782608695654
pedro valdivia ,1,24-05-2019,23:54:39,156.57217391304349,144.8104347826087,24.14973913043475,1.3453913043478272
pedro valdivia ,1,23-05-2019,23:54:39,116.63652173913043,104.16347826086957,24.84330434782603,1.0170434782608697
pedro valdivia ,1,22-05-2019,23:54:40,146.5113043478261,135.28173913043477,24.33843478260865,1.1662608695652172
pedro valdivia ,1,21-05-2019,23:54:40,119.32521739130435,110.0313043478261,23.013565217391264,1.5320000000000003
pedro valdivia ,1,20-05-2019,23:54:40,58.6904347826087,54.262608695652176,22.215478260869528,2.1605217391304348
pedro valdivia ,1,19-05-2019,23:54:40,119.45739130434782,110.57391304347826,23.71182608695648,1.6690434782608696
pedro valdivia ,1,18-05-2019,23:54:40,93.4191304347826,86.38608695652174,23.129217391304316,1.9526956521739125
pedro valdivia ,1,17-05-2019,23:54:40,55.52264808362369,51.47212543554007,23.867247386759562,2.930313588850176
pedro valdivia ,1,16-05-2019,23:54:40,86.9408695652174,81.19652173913043,23.51373913043475,2.8203478260869552
pedro valdivia ,1,15-05-2019,23:54:40,181.91130434782607,170.47130434782608,23.553565217391274,2.3539130434782614
pedro valdivia ,1,14-05-2019,23:54:40,101.18608695652173,94.31478260869565,22.71686956521735,2.1565217391304348
pedro valdivia ,1,13-05-2019,23:54:40,75.75820895522388,70.85671641791045,22.079850746268654,2.938059701492537
pedro valdivia ,1,12-05-2019,16:09:23,24.121447028423773,22.467700258397933,23.72041343669246,3.5578811369509045
pedro valdivia ,1,11-05-2019,23:59:34,46.79826086956522,43.91652173913044,23.06556521739129,3.4288695652173917
pedro valdivia ,1,10-05-2019,23:59:34,89.4608695652174,83.51130434782608,23.432347826086914,2.662608695652174
pedro valdivia ,1,09-05-2019,23:59:34,67.23304347826087,62.87652173913043,24.23252173913044,2.669565217391305
pedro valdivia ,1,08-05-2019,23:59:34,33.490434782608695,31.30086956521739,22.905217391304333,2.652869565217391
pedro valdivia ,1,07-05-2019,23:59:34,12.905940594059405,11.336633663366337,68.62524752475235,7.561881188118816
pedro valdivia ,1,06-05-2019,23:59:12,0.0,0.0,95.30069930069915,11.930769230769235
pedro valdivia ,1,05-05-2019,23:59:12,0.0,0.0,93.12587412587405,13.552447552447552
pedro valdivia ,1,04-05-2019,23:59:12,0.0,0.0,88.52167832167827,15.108391608391608
pedro valdivia ,1,03-05-2019,23:59:12,0.0,0.0,99.27762237762218,14.575524475524487
pedro valdivia ,1,02-05-2019,23:59:12,0.0,0.0,99.89999999999976,15.329370629370613
pedro valdivia ,1,01-05-2019,23:59:12,0.0,0.0,94.47202797202796,13.22797202797202
pedro valdivia ,1,30-04-2019,22:59:35,54.572710951526034,50.91202872531418,22.75960502692995,2.3477558348294445
pedro valdivia ,1,29-04-2019,23:59:35,133.30769230769232,124.1958041958042,22.897902097902097,2.165034965034965
poniente ,1,20-08-2019,11:33:07,53.06153846153846,51.13846153846154,98.28924030769237,8.0446154
poniente ,1,19-08-2019,23:52:45,42.40601503759399,40.72932330827068,89.47594593984947,10.776691774436092
poniente ,1,18-08-2019,23:52:44,36.73913043478261,35.3304347826087,91.89044095652167,9.857391373913039
poniente ,1,17-08-2019,23:51:44,22.727272727272727,20.848484848484848,96.60227954545438,10.711363712121205
poniente ,1,16-08-2019,23:52:54,34.57462686567164,32.92537313432836,99.37239589552222,10.220149373134323
poniente ,1,15-08-2019,23:53:55,61.784615384615385,60.07692307692308,90.47154353846139,10.526153853846157
poniente ,1,14-08-2019,23:56:13,79.12592592592593,76.99259259259259,90.04444999999983,8.640740740740739
poniente ,1,13-08-2019,23:52:11,40.97761194029851,39.350746268656714,84.85448305970142,7.17388060447761
poniente ,1,12-08-2019,23:57:15,22.651851851851852,21.37037037037037,93.20889488888871,8.937037044444445
poniente ,1,11-08-2019,23:49:27,12.763358778625955,11.732824427480915,98.32214412213723,8.874809267175577
poniente ,1,10-08-2019,23:50:20,45.24242424242424,43.515151515151516,97.55909780303014,6.853787924242423
poniente ,1,09-08-2019,23:51:36,55.43181818181818,53.64393939393939,92.24773333333319,4.521969734848487
poniente ,1,08-08-2019,23:55:44,15.24812030075188,14.082706766917294,87.42030609022544,6.11052633082707
poniente ,1,07-08-2019,23:50:14,38.166666666666664,36.628787878787875,94.85606696969685,6.727272757575755
poniente ,1,06-08-2019,23:55:34,37.84848484848485,36.446969696969695,92.6060664393938,8.178030333333329
poniente ,1,05-08-2019,23:56:37,29.097744360902254,27.7593984962406,96.58572180451102,8.342105293233091
poniente ,1,04-08-2019,23:49:55,93.26515151515152,90.93939393939394,98.54470522727249,5.908333340909091
poniente ,1,03-08-2019,23:58:31,47.714285714285715,45.954887218045116,93.78722443609004,6.496992488721806
poniente ,1,02-08-2019,23:51:28,76.06818181818181,74.03787878787878,95.31515803030287,6.281060621212121
poniente ,1,01-08-2019,23:51:12,31.96969696969697,30.34090909090909,91.37727689393932,8.769697
poniente ,1,31-07-2019,23:57:48,43.53383458646616,41.69172932330827,96.29248601503748,9.200000060150371
poniente ,1,30-07-2019,23:49:58,13.848484848484848,12.712121212121213,97.91515742424237,12.545454545454541
poniente ,1,29-07-2019,23:50:03,9.704545454545455,8.674242424242424,97.89091340909091,11.794696969696963
poniente ,1,28-07-2019,23:53:58,15.432835820895523,14.388059701492537,94.68059932835823,10.42238813432835
poniente ,1,27-07-2019,23:49:01,52.917910447761194,51.44776119402985,93.44179634328347,7.489552298507459
poniente ,1,26-07-2019,23:51:53,42.62406015037594,40.96992481203007,90.98045511278194,9.975939954887208
poniente ,1,25-07-2019,23:50:09,37.205882352941174,35.55882352941177,90.12059235294115,9.973529794117647
poniente ,1,24-07-2019,18:04:45,25.04950495049505,23.613861386138613,88.83663742574254,5.125742584158415
poniente ,1,23-07-2019,23:58:35,28.31851851851852,26.94814814814815,93.51407822222214,4.3629629777777765
poniente ,1,22-07-2019,23:52:11,25.69402985074627,24.33582089552239,93.83209544776103,6.57388064179104
poniente ,1,21-07-2019,23:54:16,16.529850746268657,15.417910447761194,96.01716723880608,7.5552239104477605
poniente ,1,20-07-2019,23:56:41,10.4,9.37037037037037,96.66148518518521,10.020740844444438
poniente ,1,19-07-2019,23:49:16,37.559701492537314,36.09701492537314,96.1768691791045,8.597015067164174
poniente ,1,18-07-2019,23:51:47,67.31343283582089,65.26119402985074,90.26791410447757,7.62761194776119
poniente ,1,17-07-2019,23:54:12,26.616541353383457,25.165413533834588,94.10225924812029,10.44135340601504
poniente ,1,16-07-2019,23:58:59,69.2074074074074,67.14814814814815,94.4866705925925,7.817037044444443
poniente ,1,15-07-2019,23:53:16,86.22388059701493,83.96268656716418,93.80000365671636,5.331343298507463
poniente ,1,14-07-2019,23:53:59,49.214814814814815,47.45925925925926,90.28148444444444,9.284444481481481
poniente ,1,13-07-2019,23:51:35,39.1044776119403,37.56716417910448,92.87463097014921,9.533582149253727
poniente ,1,12-07-2019,23:57:30,37.65925925925926,36.074074074074076,87.8748180740741,8.765185185185183
poniente ,1,11-07-2019,23:55:32,45.02307692307692,43.38461538461539,92.68231107692311,9.238461576923074
poniente ,1,10-07-2019,23:55:07,29.208955223880597,27.850746268656717,88.92612305970152,11.817910477611944
poniente ,1,09-07-2019,23:54:19,17.338345864661655,16.142857142857142,85.14210842105258,13.141353383458645
poniente ,1,08-07-2019,23:58:19,28.08888888888889,26.711111111111112,90.00518814814818,11.628148192592581
poniente ,1,07-07-2019,23:51:35,37.1578947368421,35.67669172932331,84.56541639097748,12.564661684210527
poniente ,1,06-07-2019,23:50:09,58.32835820895522,56.43283582089552,91.7410476865671,7.212686582089552
poniente ,1,05-07-2019,23:50:58,27.183333333333334,25.791666666666668,89.76416966666667,5.03666669166667
poniente ,1,04-07-2019,23:55:19,36.20634920634921,34.62698412698413,94.59365571428566,6.854761936507937
poniente ,1,03-07-2019,23:55:32,19.46875,18.28125,95.25312898437494,9.369531289062492
poniente ,1,02-07-2019,23:51:23,24.8046875,23.3671875,95.31875453124981,8.7335938671875
poniente ,1,01-07-2019,23:52:19,40.70992366412214,39.152671755725194,90.64733122137406,5.2374046564885495
poniente ,1,30-06-2019,23:51:50,33.27731092436975,31.857142857142858,91.29832268907562,6.100840394957979
poniente ,1,29-06-2019,23:51:54,44.22115384615385,42.70192307692308,80.28461682692308,10.737499999999995
poniente ,1,28-06-2019,23:51:18,17.358974358974358,16.307692307692307,77.37949025641026,12.856410256410255
poniente ,1,31-12-1999,21:00:43,27.529411764705884,26.176470588235293,80.77059117647057,9.31764705882353
pueblo nuevo ,1,20-08-2019,11:26:40,118.94174757281553,110.2378640776699,25.372184466019412,2.980582524271845
pueblo nuevo ,1,19-08-2019,23:56:40,41.24647887323944,38.55868544600939,23.111009389671363,3.689107981220655
pueblo nuevo ,1,18-08-2019,23:56:40,66.22535211267606,61.575117370892016,23.932394366197183,3.394718309859154
pueblo nuevo ,1,17-08-2019,23:56:40,34.132558139534886,32.05348837209302,26.444697674418613,3.640093023255816
pueblo nuevo ,1,16-08-2019,23:56:40,41.490610328638496,39.051643192488264,26.21868544600937,3.3864319248826305
pueblo nuevo ,1,15-08-2019,23:56:40,79.92540792540792,74.2937062937063,22.81023310023309,3.49083916083916
pueblo nuevo ,1,14-08-2019,23:56:40,122.1588785046729,112.65186915887851,21.91502336448599,3.1776869158878474
pueblo nuevo ,1,13-08-2019,23:56:40,109.0,100.31002331002331,20.85675990675991,2.74179487179487
pueblo nuevo ,1,12-08-2019,23:56:41,57.385,54.485,18.11389999999999,2.8214500000000005
pueblo nuevo ,1,11-08-2019,22:52:10,24.73913043478261,22.869565217391305,0.0,0.0
pueblo nuevo ,1,10-08-2019,22:02:40,123.28282828282828,110.54545454545455,22.57282828282828,1.3282828282828283
pueblo nuevo ,1,09-08-2019,23:58:32,104.99761336515513,96.76372315035799,22.62522673031026,2.0793794749403354
pueblo nuevo ,1,08-08-2019,23:58:32,24.516509433962263,22.964622641509433,21.174787735849065,2.6410613207547184
pueblo nuevo ,1,07-08-2019,23:58:33,83.77283372365339,78.21545667447307,23.405035128805615,2.6091334894613585
pueblo nuevo ,1,06-08-2019,23:58:33,66.39018691588785,60.88084112149533,23.067757009345794,3.039766355140187
pueblo nuevo ,1,05-08-2019,23:58:33,34.586854460093896,32.36854460093897,25.88150234741785,2.8366431924882622
pueblo nuevo ,1,04-08-2019,23:58:33,145.52830188679246,132.99528301886792,26.244268867924518,2.3045990566037737
pueblo nuevo ,1,03-08-2019,23:58:33,129.2237762237762,118.8065268065268,23.32566433566434,2.706456876456876
pueblo nuevo ,1,02-08-2019,23:58:33,90.32552693208432,83.51756440281031,23.922763466042152,2.6179625292740045
pueblo nuevo ,1,01-08-2019,23:58:33,32.063380281690144,29.45774647887324,24.020657276995305,3.0818779342723004
pueblo nuevo ,1,31-07-2019,23:58:33,14.355140186915888,12.873831775700934,24.505373831775696,3.3454672897196276
pueblo nuevo ,1,30-07-2019,23:58:33,12.855477855477856,11.965034965034965,27.317552447552448,4.188438228438222
pueblo nuevo ,1,29-07-2019,23:58:33,31.66510538641686,29.489461358313818,27.635573770491806,3.9816861826697916
pueblo nuevo ,1,28-07-2019,23:58:33,35.82517482517483,33.44755244755245,26.212074592074586,3.3521678321678303
pueblo nuevo ,1,27-07-2019,23:58:33,97.77030162412993,90.51044083526682,24.596542923433873,2.665313225058004
pueblo nuevo ,1,26-07-2019,23:58:34,69.27674418604651,65.10232558139535,23.311790697674425,3.5124883720930233
pueblo nuevo ,1,25-07-2019,23:58:34,65.02570093457943,60.86682242990654,23.547149532710282,2.7162616822429904
pueblo nuevo ,1,24-07-2019,23:58:34,122.96270396270397,112.74825174825175,22.238508158508154,2.2701398601398597
pueblo nuevo ,1,23-07-2019,23:58:34,51.17330210772834,47.65573770491803,23.443208430913344,2.0617798594847776
pueblo nuevo ,1,22-07-2019,23:58:34,72.88084112149532,67.82710280373831,24.614976635514015,2.430911214953271
pueblo nuevo ,1,21-07-2019,23:58:34,10.301401869158878,9.61448598130841,25.255303738317757,2.5916355140186917
pueblo nuevo ,1,20-07-2019,23:58:34,12.888372093023255,11.88139534883721,27.916372093023263,3.17493023255814
pueblo nuevo ,1,19-07-2019,23:58:34,70.0677570093458,65.22429906542057,26.314485981308408,2.822126168224297
pueblo nuevo ,1,18-07-2019,23:58:34,79.04449648711943,73.09836065573771,23.802271662763477,2.690374707259954
pueblo nuevo ,1,17-07-2019,23:58:34,40.70449172576832,37.858156028368796,26.4052718676123,3.543924349881797
pueblo nuevo ,1,16-07-2019,23:58:34,91.50117647058823,84.77176470588235,25.207247058823516,2.5823764705882346
pueblo nuevo ,1,15-07-2019,23:58:34,168.59534883720931,158.5418604651163,23.94306976744186,2.17839534883721
pueblo nuevo ,1,14-07-2019,23:58:35,57.48717948717949,52.386946386946384,24.134965034965024,3.2851981351981343
pueblo nuevo ,1,13-07-2019,23:58:35,61.85813953488372,56.913953488372094,25.268418604651163,3.376023255813953
pueblo nuevo ,1,12-07-2019,23:58:35,45.82669789227166,42.7096018735363,24.177798594847772,3.196861826697892
pueblo nuevo ,1,11-07-2019,23:58:35,78.36976744186046,72.87906976744186,24.63660465116278,3.4135581395348837
pueblo nuevo ,1,10-07-2019,23:58:35,43.49648711943794,40.73536299765808,25.47304449648713,3.9618032786885222
pueblo nuevo ,1,09-07-2019,23:58:35,22.645539906103288,21.375586854460092,24.19845070422535,4.34518779342723
pueblo nuevo ,1,08-07-2019,23:58:35,60.35664335664335,55.883449883449885,25.007319347319363,3.8307692307692305
pueblo nuevo ,1,07-07-2019,23:58:35,67.4,62.336470588235294,23.47103529411765,4.125952941176471
pueblo nuevo ,1,06-07-2019,23:58:35,121.17757009345794,112.30841121495327,23.514906542056085,2.6954439252336444
pueblo nuevo ,1,05-07-2019,23:58:35,49.71896955503513,46.46135831381733,22.07257611241218,2.5056206088992967
pueblo nuevo ,1,04-07-2019,23:58:35,103.90186915887851,95.60046728971963,25.089836448598138,2.7818457943925234
pueblo nuevo ,1,03-07-2019,23:58:36,53.109302325581396,49.37674418604651,26.736720930232558,3.1877674418604656
pueblo nuevo ,1,02-07-2019,23:58:36,31.4696261682243,29.257009345794394,26.003084112149534,3.085957943925233
pueblo nuevo ,1,01-07-2019,23:58:36,67.86854460093896,62.2887323943662,24.842417840375603,1.9841079812206577
pueblo nuevo ,1,30-06-2019,23:53:08,65.91415313225058,60.93735498839907,25.286078886310904,2.065661252900231
pueblo nuevo ,1,29-06-2019,23:53:08,50.37354988399072,46.15777262180975,23.892807424593943,2.1113689095127612
pueblo nuevo ,1,28-06-2019,23:53:08,57.47331786542924,53.385150812064964,25.715545243619488,3.0865429234338735
pueblo nuevo ,1,27-06-2019,23:53:08,69.92343387470997,64.88631090487239,26.715777262180985,3.605568445475638
pueblo nuevo ,1,26-06-2019,23:53:08,24.582366589327147,22.87935034802784,28.232482598607888,3.212064965197215
pueblo nuevo ,1,25-06-2019,23:53:08,26.22273781902552,24.07656612529002,26.190603248259848,2.2676334106728535
pueblo nuevo ,1,24-06-2019,23:53:09,43.97447795823666,40.164733178654295,24.87911832946635,2.362412993039444
pueblo nuevo ,1,23-06-2019,23:53:09,25.308584686774942,23.322505800464036,24.64802784222739,3.9667053364269145
pueblo nuevo ,1,22-06-2019,23:53:09,82.16705336426914,76.15777262180974,25.059164733178655,3.7781902552204194
pueblo nuevo ,1,21-06-2019,23:53:09,29.45243619489559,27.17401392111369,24.901392111368914,3.6944315545243622
pueblo nuevo ,1,20-06-2019,23:53:09,123.02552204176334,113.03480278422273,24.226682134570773,2.647099767981438
pueblo nuevo ,1,19-06-2019,23:53:09,201.65893271461718,186.3016241299304,23.350116009280736,2.5962877030162406
pueblo nuevo ,1,18-06-2019,23:53:09,72.83758700696056,66.77262180974478,23.28770301624129,3.138051044083526
pueblo nuevo ,1,17-06-2019,23:53:09,151.67285382830627,136.13689095127611,21.974361948955913,2.330510440835267
pueblo nuevo ,1,16-06-2019,23:53:09,102.1322505800464,91.29466357308584,18.1360788863109,3.735034802784225
pueblo nuevo ,1,15-06-2019,23:53:09,117.81902552204177,105.76334106728538,19.625522041763343,2.7596287703016222
pueblo nuevo ,1,14-06-2019,23:53:09,84.39907192575406,77.01624129930394,23.636194895591636,2.6359628770301624
pueblo nuevo ,1,13-06-2019,23:53:10,52.60092807424594,48.2737819025522,25.775406032482607,3.0983758700696056
pueblo nuevo ,1,12-06-2019,23:53:10,81.67749419953596,74.77958236658932,26.329002320185616,3.4099767981438527
pueblo nuevo ,1,11-06-2019,23:53:10,81.31090487238978,74.80974477958236,23.597911832946643,2.7570765661252916
pueblo nuevo ,1,10-06-2019,23:53:10,59.19953596287703,54.619489559164734,24.68921113689095,3.2892111368909513
pueblo nuevo ,1,09-06-2019,23:53:10,23.846867749419953,22.22505800464037,25.879118329466348,3.7867749419953567
pueblo nuevo ,1,08-06-2019,23:53:10,28.651972157772622,26.59628770301624,23.911252900232007,3.6607888631090475
pueblo nuevo ,1,07-06-2019,23:53:10,67.56844547563806,61.93967517401392,24.55336426914154,3.34895591647332
pueblo nuevo ,1,06-06-2019,23:53:10,43.11368909512761,38.8584686774942,23.62424593967517,3.627494199535961
pueblo nuevo ,1,05-06-2019,23:53:10,28.925754060324827,26.614849187935036,25.34640371229699,4.257540603248261
pueblo nuevo ,1,04-06-2019,23:53:10,15.529002320185615,14.296983758700696,27.16357308584688,4.233642691415313
pueblo nuevo ,1,03-06-2019,23:53:10,74.1322505800464,68.93503480278422,26.232946635730855,4.012529002320186
pueblo nuevo ,1,02-06-2019,23:53:10,74.13457076566125,68.28074245939675,27.428538283062643,4.1721577726218095
pueblo nuevo ,1,01-06-2019,23:53:11,18.436194895591647,17.009280742459396,26.262412993039444,4.151276102088166
pueblo nuevo ,1,30-05-2019,23:53:11,15.779582366589327,14.56844547563805,24.877726218097443,4.336426914153131
pueblo nuevo ,1,29-05-2019,23:53:11,68.78190255220417,62.7122969837587,25.240371229698376,3.29048723897912
pueblo nuevo ,1,28-05-2019,23:53:11,133.73781902552204,121.24129930394432,22.76902552204176,3.370069605568447
pueblo nuevo ,1,27-05-2019,23:53:11,100.96751740139212,92.35498839907193,23.849651972157766,3.8582366589327153
pueblo nuevo ,1,26-05-2019,23:53:11,129.39211136890953,118.02320185614849,24.253828306264516,3.7285382830626435
pueblo nuevo ,1,25-05-2019,23:53:11,161.5243619489559,147.29466357308584,24.011484918793514,2.7301624129930397
pueblo nuevo ,1,24-05-2019,23:53:11,142.40371229698377,128.90719257540604,24.480858468677486,2.2264501160092802
pueblo nuevo ,1,23-05-2019,23:53:11,88.09744779582367,78.57308584686776,25.080510440835273,1.9940835266821326
pueblo nuevo ,1,22-05-2019,23:53:11,144.9095127610209,130.91183294663574,23.988863109048722,2.1835266821345716
pueblo nuevo ,1,21-05-2019,23:53:12,134.98375870069606,122.11832946635731,21.87969837587006,2.6348027842227375
pueblo nuevo ,1,20-05-2019,23:53:12,61.893271461716935,56.109048723897914,21.66983758700696,3.3440835266821343
pueblo nuevo ,1,19-05-2019,23:53:12,95.64965197215777,86.79118329466357,23.90997679814385,2.7698375870069585
pueblo nuevo ,1,18-05-2019,23:53:12,86.32714617169374,77.37122969837587,23.535614849187933,3.1917633410672837
pueblo nuevo ,1,17-05-2019,23:53:12,34.76566125290023,31.559164733178655,25.268909512761013,4.120417633410677
pueblo nuevo ,1,16-05-2019,23:53:12,66.30394431554524,60.19257540603248,24.17505800464037,4.075406032482602
pueblo nuevo ,1,15-05-2019,23:53:12,132.6264501160093,120.76798143851508,23.99118329466356,3.627842227378192
pueblo nuevo ,1,14-05-2019,23:53:12,136.2877030162413,123.33178654292344,23.37285382830627,3.4343387470997686
pueblo nuevo ,1,13-05-2019,23:53:12,47.200934579439256,42.36448598130841,23.90093457943925,3.9285046728971964
pueblo nuevo ,1,12-05-2019,23:56:06,45.09976798143852,40.754060324825986,26.250812064965203,4.745475638051042
pueblo nuevo ,1,11-05-2019,23:56:07,52.87703016241299,48.53132250580047,23.37726218097448,4.686310904872388
pueblo nuevo ,1,10-05-2019,23:56:07,66.12529002320186,59.895591647331784,24.467517401392115,3.9835266821345687
pueblo nuevo ,1,09-05-2019,23:56:07,70.4524361948956,64.20417633410673,24.964269141531314,3.951508120649652
pueblo nuevo ,1,08-05-2019,23:56:07,35.4245939675174,32.28074245939675,22.689327146171692,3.8236658932714604
pueblo nuevo ,1,07-05-2019,23:56:07,29.705336426914155,27.155452436194896,24.646403712296983,3.8524361948955934
pueblo nuevo ,1,06-05-2019,23:56:07,19.621809744779583,17.983758700696054,24.211832946635745,4.2765661252900244
pueblo nuevo ,1,05-05-2019,23:56:07,27.649651972157773,25.241299303944317,23.564965197215766,4.871461716937355
pueblo nuevo ,1,04-05-2019,23:56:07,25.52204176334107,23.201856148491878,23.17447795823666,5.0800464037123
pueblo nuevo ,1,03-05-2019,23:56:07,15.673076923076923,14.211538461538462,27.02211538461539,4.6730769230769225
santa rosa ,1,20-08-2019,11:30:07,122.73300970873787,103.37864077669903,33.42344660194171,2.4765048543689314
santa rosa ,1,19-08-2019,23:50:07,109.27039627039628,91.48484848484848,29.74501165501162,3.451934731934732
santa rosa ,1,18-08-2019,23:50:07,78.23255813953489,66.83023255813953,29.429720930232495,3.1841860465116296
santa rosa ,1,17-08-2019,23:50:07,52.098591549295776,45.05399061032864,32.53617370892013,3.53849765258216
santa rosa ,1,16-08-2019,23:50:07,70.27659574468085,60.43262411347518,33.61080378250586,3.1130732860520105
santa rosa ,1,15-08-2019,23:50:07,115.49764150943396,96.15094339622641,30.415306603773534,3.3237499999999995
santa rosa ,1,14-08-2019,23:50:07,215.42857142857142,177.0936768149883,29.162482435597138,2.945152224824355
santa rosa ,1,13-08-2019,23:50:07,202.98126463700234,166.21779859484778,27.54871194379386,2.4034426229508203
santa rosa ,1,12-08-2019,23:50:08,102.98117647058824,85.70117647058824,30.775223529411722,3.059717647058822
santa rosa ,1,11-08-2019,23:50:08,58.76359338061466,50.2387706855792,33.395981087470396,2.704562647754136
santa rosa ,1,10-08-2019,23:50:08,112.04018912529551,92.53900709219859,32.68018912529549,1.9845390070921982
santa rosa ,1,09-08-2019,23:50:08,203.96252927400468,166.94379391100702,30.217119437939058,1.603981264637003
santa rosa ,1,08-08-2019,23:50:08,53.10874704491726,44.248226950354606,28.22489361702124,2.3171631205673773
santa rosa ,1,07-08-2019,23:50:08,110.15151515151516,91.72261072261072,31.26202797202793,2.096993006993007
santa rosa ,1,06-08-2019,23:50:08,116.92289719626169,97.85280373831776,30.72530373831774,2.5724766355140174
santa rosa ,1,05-08-2019,23:50:08,59.47674418604651,50.513953488372096,32.22576744186042,2.532651162790698
santa rosa ,1,04-08-2019,23:50:08,175.62237762237763,148.35198135198135,32.29543123543118,1.9903263403263418
santa rosa ,1,03-08-2019,23:50:08,190.5784543325527,156.81733021077284,30.713536299765767,2.3501405152224817
santa rosa ,1,02-08-2019,23:50:08,126.39675174013921,103.47099767981439,30.756705336426855,2.072459396751741
santa rosa ,1,01-08-2019,23:50:09,57.707656612529,47.68677494199536,30.250835266821298,2.7887703016241305
santa rosa ,1,31-07-2019,23:50:09,36.014117647058825,29.901176470588236,32.83882352941172,2.920400000000001
santa rosa ,1,30-07-2019,23:50:09,32.967213114754095,29.19672131147541,33.17637002341917,4.084894613583137
santa rosa ,1,29-07-2019,23:50:09,58.99067599067599,51.62004662004662,33.14615384615377,3.772610722610723
santa rosa ,1,28-07-2019,23:50:09,65.85981308411215,56.42289719626168,32.68030373831773,3.2491121495327104
santa rosa ,1,27-07-2019,23:50:09,184.7967289719626,155.29205607476635,31.488107476635456,2.3814485981308406
santa rosa ,1,26-07-2019,23:50:09,112.78321678321679,94.32867132867133,29.84046620046618,3.413636363636365
santa rosa ,1,25-07-2019,23:50:09,104.26697892271663,87.64168618266979,30.62576112412173,2.478992974238875
santa rosa ,1,24-07-2019,23:50:09,163.72131147540983,131.9976580796253,29.417259953161537,1.9174004683840757
santa rosa ,1,23-07-2019,23:50:09,70.94366197183099,59.33098591549296,30.935492957746433,1.6434741784037556
santa rosa ,1,22-07-2019,23:50:09,135.24708624708626,112.48018648018648,31.475034965034908,2.0146853146853143
santa rosa ,1,21-07-2019,23:50:09,39.309859154929576,33.28169014084507,32.61197183098588,2.362089201877933
santa rosa ,1,20-07-2019,23:50:10,37.98356807511737,33.105633802816904,33.53061032863842,2.9507042253521125
santa rosa ,1,19-07-2019,23:50:10,113.44028103044496,95.72365339578454,32.845971896955476,2.4838407494145196
santa rosa ,1,18-07-2019,23:50:10,179.06993006993008,149.17715617715618,29.551678321678274,2.436456876456877
santa rosa ,1,17-07-2019,23:50:10,125.75233644859813,107.20794392523365,32.0345560747663,3.2510514018691596
santa rosa ,1,16-07-2019,23:50:10,116.73598130841121,97.5677570093458,31.765607476635463,2.3051869158878513
santa rosa ,1,15-07-2019,23:50:10,257.3016241299304,231.66821345707658,30.64357308584681,1.7613457076566121
santa rosa ,1,14-07-2019,23:50:10,137.45221445221446,112.63636363636364,30.710163170163128,2.9029137529137534
santa rosa ,1,13-07-2019,23:50:10,111.21445221445221,94.8065268065268,31.40111888111885,3.0872261072261082
santa rosa ,1,12-07-2019,23:50:10,78.2699530516432,65.81924882629107,30.1796713615023,3.029014084507042
santa rosa ,1,11-07-2019,23:50:10,102.37674418604651,86.89302325581396,31.025302325581354,3.0985348837209297
santa rosa ,1,10-07-2019,23:50:10,91.67370892018779,78.33568075117371,31.3113849765258,3.7684272300469512
santa rosa ,1,09-07-2019,23:50:10,41.58878504672897,36.504672897196265,29.68317757009345,4.304299065420559
santa rosa ,1,08-07-2019,23:50:11,75.1118881118881,63.33100233100233,31.145734265734266,3.6758041958041954
santa rosa ,1,07-07-2019,23:50:11,112.20979020979021,96.38694638694639,29.130139860139842,4.075058275058275
santa rosa ,1,06-07-2019,23:50:11,104.78454332552693,88.8711943793911,30.13217798594847,2.5113817330210786
santa rosa ,1,05-07-2019,23:50:11,103.61214953271028,86.10747663551402,28.946355140186864,2.0599766355140177
santa rosa ,1,04-07-2019,23:50:11,163.52680652680652,138.12820512820514,31.522610722610672,2.3596736596736587
santa rosa ,1,03-07-2019,23:50:11,98.70491803278688,83.97658079625293,33.03421545667442,2.877985948477751
santa rosa ,1,02-07-2019,23:50:11,70.1311475409836,58.77049180327869,31.827166276346556,2.799695550351288
santa rosa ,1,01-07-2019,23:50:11,133.3855140186916,109.67056074766356,31.311658878504634,1.5883411214953267
santa rosa ,1,30-06-2019,23:56:39,78.62877030162413,66.33410672853829,32.223897911832914,1.7269141531322496
santa rosa ,1,29-06-2019,23:56:48,141.89327146171695,120.67749419953596,30.239211136890905,1.7071925754060335
santa rosa ,1,28-06-2019,23:56:57,93.12064965197216,79.15777262180974,33.04617169373543,2.516473317865429
santa rosa ,1,27-06-2019,23:57:05,123.42691415313224,106.70301624129931,33.14547563805097,3.083990719257541
santa rosa ,1,26-06-2019,23:57:14,57.92111368909513,50.94663573085847,33.14547563805097,2.961252900232018
santa rosa ,1,25-06-2019,23:57:23,67.5707656612529,57.45011600928074,32.504408352668165,1.9545243619489552
santa rosa ,1,24-06-2019,23:57:31,85.33874709976799,70.47099767981439,31.958236658932705,1.9051044083526678
santa rosa ,1,23-06-2019,23:57:40,66.5893271461717,57.41531322505801,29.86658932714614,3.821345707656613
santa rosa ,1,22-06-2019,23:57:48,105.54988399071925,91.43387470997679,30.691183294663585,3.6338747099768014
santa rosa ,1,21-06-2019,23:57:57,63.07656612529002,54.582366589327144,30.139211136890943,3.6809744779582365
santa rosa ,1,20-06-2019,23:58:06,172.40835266821347,148.87470997679813,31.03248259860786,2.20139211136891
santa rosa ,1,19-06-2019,23:58:14,239.48723897911833,202.50812064965197,30.39535962877027,2.136658932714617
santa rosa ,1,18-06-2019,23:58:23,101.37122969837587,85.32482598607889,29.215081206496514,2.964501160092807
santa rosa ,1,17-06-2019,23:58:32,217.58932714617168,186.1925754060325,28.707656612528996,1.9545243619489556
santa rosa ,1,16-06-2019,23:58:40,177.53132250580046,149.03944315545243,22.39350348027841,3.6018561484918803
santa rosa ,1,15-06-2019,23:58:49,124.80974477958236,101.89791183294663,23.361716937354966,2.7640371229698375
santa rosa ,1,14-06-2019,23:58:58,139.20185614849188,112.92575406032482,29.945707656612488,2.2116009280742457
santa rosa ,1,13-06-2019,23:59:06,76.58700696055685,65.67285382830626,32.379582366589275,2.5709976798143845
santa rosa ,1,12-06-2019,23:59:15,131.2645011600928,112.51972157772622,32.44106728538277,2.9935034802784233
santa rosa ,1,11-06-2019,23:59:24,131.7494199535963,111.63573085846868,30.13387470997679,2.2825986078886307
santa rosa ,1,10-06-2019,23:59:32,108.32482598607889,91.07192575406033,30.844779582366534,2.807424593967517
santa rosa ,1,09-06-2019,23:59:41,56.96287703016241,50.09976798143852,31.406960556844542,3.5025522041763346
santa rosa ,1,08-06-2019,23:59:49,65.91415313225058,56.96519721577726,29.618561484918814,3.392343387470997
santa rosa ,1,07-06-2019,23:59:58,95.57638888888889,80.42361111111111,30.50115740740741,3.0493055555555553
santa rosa ,1,06-06-2019,23:53:35,99.76334106728538,82.14849187935035,30.69257540603248,3.150580046403712
santa rosa ,1,05-06-2019,23:53:35,54.58700696055684,47.53132250580047,30.452900232018518,4.058700696055684
santa rosa ,1,04-06-2019,23:53:35,31.900232018561486,28.2877030162413,31.64199535962877,4.09953596287703
santa rosa ,1,03-06-2019,23:53:35,105.16937354988399,92.17169373549883,31.539675174013915,3.7837587006960547
santa rosa ,1,02-06-2019,23:53:35,80.70533642691416,70.66125290023201,32.115313225057974,4.008352668213456
santa rosa ,1,01-06-2019,23:53:35,45.88631090487239,40.677494199535964,30.69651972157774,4.028306264501159
santa rosa ,1,30-05-2019,23:53:35,33.5707656612529,29.619489559164734,29.924129930394432,4.275870069605568
santa rosa ,1,29-05-2019,23:53:35,91.84686774941996,77.18329466357308,31.25893271461715,2.965893271461716
santa rosa ,1,28-05-2019,23:53:36,220.23433874709977,183.9953596287703,28.391183294663588,3.0654292343387484
santa rosa ,1,27-05-2019,23:53:36,213.86310904872389,186.30394431554524,29.917865429234332,3.371925754060323
santa rosa ,1,26-05-2019,23:53:36,195.40603248259862,163.64269141531324,29.76473317865429,3.4825986078886304
santa rosa ,1,25-05-2019,23:53:36,219.1832946635731,184.90719257540604,29.362412993039467,2.400232018561486
santa rosa ,1,24-05-2019,23:53:36,199.88863109048725,169.0046403712297,30.469837587006968,1.8102088167053367
santa rosa ,1,23-05-2019,23:53:36,108.94663573085847,88.76566125290023,31.87679814385152,1.4547563805104406
santa rosa ,1,22-05-2019,23:53:36,238.0997679814385,202.64269141531324,30.372853828306276,1.7071925754060315
santa rosa ,1,21-05-2019,23:53:36,175.22041763341068,145.1600928074246,28.038979118329465,2.158236658932715
santa rosa ,1,20-05-2019,23:53:36,123.83526682134571,110.4431554524362,26.52366589327147,3.1419953596287695
santa rosa ,1,19-05-2019,23:53:36,139.51044083526682,120.66589327146171,30.11252900232019,2.2227378190255225
santa rosa ,1,18-05-2019,23:53:36,180.03712296983758,151.5661252900232,29.367285382830598,2.7447795823665895
santa rosa ,1,17-05-2019,23:53:36,120.26682134570765,107.61252900232019,30.57540603248259,3.76890951276102
santa rosa ,1,16-05-2019,23:53:37,127.81438515081207,107.09280742459397,29.190719257540614,3.8315545243619495
santa rosa ,1,15-05-2019,23:53:37,198.5800464037123,172.0858468677494,29.401856148491873,3.306496519721578
santa rosa ,1,14-05-2019,23:53:37,221.35730858468676,200.91183294663574,28.75243619489559,3.0153132250580055
santa rosa ,1,13-05-2019,23:53:37,130.42523364485982,113.06308411214954,28.995560747663514,3.568224299065419
santa rosa ,1,12-05-2019,23:59:34,123.53828306264501,110.91647331786542,31.29605568445474,4.361020881670534
santa rosa ,1,11-05-2019,23:59:34,65.02784222737819,58.707656612529,27.649187935034796,4.6167053364269135
santa rosa ,1,10-05-2019,23:59:34,126.06496519721578,109.21809744779583,29.371345707656612,3.749419953596285
santa rosa ,1,09-05-2019,23:55:44,91.4477958236659,80.5986078886311,30.974013921113688,3.565429234338744
santa rosa ,1,08-05-2019,23:55:44,46.264501160092806,40.63109048723898,28.25498839907193,3.5037122969837564
santa rosa ,1,07-05-2019,23:55:44,229.5608856088561,225.7140221402214,25.185424354243562,2.859040590405902
santa rosa ,1,06-05-2019,23:55:09,279.47478260869565,275.76695652173913,22.04921739130434,3.029217391304347
santa rosa ,1,05-05-2019,23:55:09,280.3339130434783,276.5982608695652,21.092173913043467,3.509739130434784
santa rosa ,1,04-05-2019,23:55:09,300.73391304347825,294.2869565217391,20.437739130434785,3.696347826086957
santa rosa ,1,03-05-2019,23:55:18,252.28546409807356,249.68476357267951,24.426707530647946,3.481611208406306
santa rosa ,1,02-05-2019,23:57:28,290.9913043478261,285.04869565217393,24.255130434782597,3.7166956521739114
santa rosa ,1,01-05-2019,23:57:28,236.22260869565218,232.33391304347825,20.104869565217395,3.165391304347827
santa rosa ,1,30-04-2019,22:57:36,138.325,124.0,23.38541666666665,2.930416666666667
santa rosa ,1,29-04-2019,23:54,93.1588785046729,79.10280373831776,25.63738317757009,3.0925233644859813
universidad ,1,20-08-2019,11:27:40,62.28169014084507,60.19718309859155,99.87747450704234,9.201408605633805
universidad ,1,19-08-2019,23:54:53,55.74496644295302,53.95302013422819,80.79933409395959,13.293959771812077
universidad ,1,18-08-2019,23:57:52,40.79333333333334,39.06,80.34933893333321,13.169333353333327
universidad ,1,17-08-2019,23:52:22,20.554054054054053,19.243243243243242,96.56216959459438,11.462162277027021
universidad ,1,16-08-2019,23:58:36,32.711409395973156,31.120805369127517,99.74094879194615,10.057047134228183
universidad ,1,15-08-2019,23:55:13,47.95302013422819,46.13422818791946,82.7590653691274,13.269127570469797
universidad ,1,14-08-2019,23:51:51,97.32432432432432,94.96621621621621,82.28581520270258,11.650000006756757
universidad ,1,13-08-2019,23:56:17,110.98657718120805,108.51006711409396,73.62215208053686,11.634899348993295
universidad ,1,12-08-2019,23:52:23,91.67567567567568,89.52702702702703,88.32703297297279,10.505405439189188
universidad ,1,11-08-2019,23:58:33,21.13422818791946,19.87248322147651,99.11678711409368,9.064429624161072
universidad ,1,10-08-2019,23:55:12,37.19463087248322,35.54362416107382,98.84430382550309,6.779194691275169
universidad ,1,09-08-2019,23:51:46,99.25,96.91216216216216,80.72095060810803,8.987162162162164
universidad ,1,08-08-2019,23:55:37,32.61486486486486,31.12162162162162,75.85878844594586,10.8655405472973
universidad ,1,07-08-2019,23:59:32,55.73154362416108,53.8255033557047,83.25034087248305,10.324832234899329
universidad ,1,06-08-2019,10:18:27,61.46938775510204,59.775510204081634,85.10884850340142,10.627210945578236
universidad ,1,05-08-2019,23:59:23,29.36144578313253,27.879518072289155,95.45904301204814,10.550602566265065
universidad ,1,03-08-2019,15:23:56,121.4375,118.84375,80.59896458333341,10.403125010416668
universidad ,1,02-08-2019,23:50:28,104.94594594594595,102.52702702702703,87.40676263513498,9.300675695945948
universidad ,1,01-08-2019,23:57:01,39.5503355704698,38.13422818791946,86.42416718120788,10.927516859060393
universidad ,1,31-07-2019,23:53:22,17.277027027027028,16.14864864864865,94.3196014189187,10.71824334459459
universidad ,1,30-07-2019,23:59:25,16.073825503355703,14.89261744966443,99.46980758389236,12.982550335570465
universidad ,1,29-07-2019,23:56:13,23.0381679389313,516.1145038167939,96.90764145038167,13.000763358778634
universidad ,1,28-07-2019,23:50:54,23.520325203252032,22.16260162601626,97.25691463414626,10.699187048780479
universidad ,1,27-07-2019,23:58:06,133.20967741935485,130.36290322580646,88.37984370967739,9.770967766129036
universidad ,1,26-07-2019,23:54:39,89.51219512195122,87.1951219512195,83.1211416260163,12.932520430894304
universidad ,1,25-07-2019,23:55:36,63.333333333333336,61.27272727272727,90.90303393939392,10.669696969696966
universidad ,1,24-07-2019,18:00:48,89.43956043956044,87.28571428571429,74.36593703296703,10.41868131868132
universidad ,1,23-07-2019,23:49:02,124.45528455284553,121.83739837398375,81.34553211382118,8.567479715447156
universidad ,1,22-07-2019,23:49:32,102.39837398373983,100.03252032520325,85.43008674796744,8.832520333333337
universidad ,1,21-07-2019,23:49:05,16.121951219512194,15.0,96.60976260162596,8.06341468292683
universidad ,1,20-07-2019,23:58:40,12.666666666666666,11.601626016260163,99.74553691056903,10.055284658536593
universidad ,1,19-07-2019,23:54:17,39.60655737704918,38.0655737704918,98.19672934426217,8.501639459016397
universidad ,1,18-07-2019,23:55:23,66.99193548387096,65.06451612903226,83.8991984677419,9.64435485483871
universidad ,1,17-07-2019,23:52:49,34.435483870967744,33.04032258064516,93.85645709677421,11.206451645161287
universidad ,1,16-07-2019,23:50:57,67.0,64.869918699187,96.44959878048775,7.898373991869922
universidad ,1,15-07-2019,23:59:55,162.5241935483871,159.34677419354838,83.88629451612897,8.934677419354836
universidad ,1,14-07-2019,23:56:57,64.4758064516129,62.66935483870968,85.22500362903233,11.333871048387092
universidad ,1,13-07-2019,23:54:30,38.78225806451613,37.314516129032256,90.85403717741926,10.795967782258062
universidad ,1,12-07-2019,23:51:48,23.951612903225808,22.60483870967742,86.59919887096765,10.950000016129032
universidad ,1,11-07-2019,23:49:17,45.891666666666666,44.2,89.35083674999994,11.03000005
universidad ,1,10-07-2019,23:57:58,44.274193548387096,42.66935483870968,89.45161669354846,12.78467741935485
universidad ,1,09-07-2019,23:54:04,14.862903225806452,13.733870967741936,84.78629354838714,14.237903225806456
universidad ,1,08-07-2019,23:39:20,21.081967213114755,19.89344262295082,91.47377368852459,12.344262311475408
universidad ,1,07-07-2019,23:59:02,28.70731707317073,27.365853658536587,86.17154723577235,13.110569105691061
universidad ,1,06-07-2019,23:55:46,82.12295081967213,79.90163934426229,86.73524885245895,9.259836073770492
universidad ,1,05-07-2019,23:52:07,108.09756097560975,105.6829268292683,76.56422999999995,9.810569146341463
universidad ,1,04-07-2019,23:56:27,87.44881889763779,85.29133858267717,88.30709102362201,9.581889866141724
universidad ,1,03-07-2019,23:53:21,35.63565891472868,34.201550387596896,93.99690472868211,10.812403162790693
universidad ,1,02-07-2019,23:52:46,36.285714285714285,34.817460317460316,90.18175055555542,10.59285725396825
universidad ,1,01-07-2019,23:50:56,82.96124031007751,80.79069767441861,90.40853147286828,6.5209303488372115
universidad ,1,30-06-2019,23:49:27,30.0,28.50769230769231,95.12923369230766,6.433846230769227
universidad ,1,29-06-2019,23:49:50,37.62992125984252,36.20472440944882,80.81575078740157,8.988976385826767
universidad ,1,28-06-2019,23:57:28,32.74418604651163,31.356589147286822,95.02248589147281,9.850387697674417
universidad ,1,27-06-2019,23:54:05,55.0859375,53.3671875,98.57344343749986,10.953906320312493
universidad ,1,26-06-2019,23:53:26,25.573643410852714,24.27906976744186,99.70776069767439,10.177519503875963
universidad ,1,25-06-2019,23:59:15,22.566929133858267,21.275590551181104,95.37165763779528,7.66535441732284
universidad ,1,24-06-2019,23:53:14,29.0078125,27.5390625,89.89453500000008,8.256250070312502
universidad ,1,23-06-2019,23:54:24,25.0234375,23.734375,83.191409375,13.3390625
universidad ,1,22-06-2019,23:54:18,49.62015503875969,47.751937984496124,90.85504186046518,12.34418610077519
universidad ,1,21-06-2019,23:51:07,35.713178294573645,34.248062015503876,87.96667015503878,12.601550418604656
universidad ,1,20-06-2019,23:55:42,108.64566929133858,106.14173228346456,90.2944929921259,8.606299244094487
universidad ,1,19-06-2019,23:50:29,141.92248062015503,138.94573643410854,81.1496146511628,10.851938015503876
universidad ,1,18-06-2019,23:55:50,47.7265625,46.0,87.656252734375,9.938281289062504
universidad ,1,17-06-2019,23:52,106.546875,104.0234375,77.91015851562501,9.333593749999997
universidad ,1,16-06-2019,23:57:06,88.22307692307692,86.11538461538461,54.1346160769231,13.912307769230763
universidad ,1,15-06-2019,23:53:48,108.27692307692308,105.92307692307692,64.35538646153846,11.093076938461543
universidad ,1,14-06-2019,23:49:51,68.86821705426357,66.96124031007751,78.98682395348835,10.737984511627909
universidad ,1,13-06-2019,23:55:14,36.83076923076923,35.323076923076925,93.23000238461536,9.329230815384616
universidad ,1,12-06-2019,23:54:07,75.1937984496124,73.13178294573643,95.86977240310074,10.295348906976738
universidad ,1,11-06-2019,23:53:54,101.765625,99.296875,83.34297132812502,9.657031281249996
universidad ,1,10-06-2019,23:49:22,51.40944881889764,49.60629921259842,86.2078767716536,11.426771740157472
universidad ,1,09-06-2019,23:51:31,20.767441860465116,19.527131782945737,91.72868503875969,11.968992279069766
universidad ,1,08-06-2019,23:53:11,35.723076923076924,34.246153846153845,88.34384907692304,11.33384616923076
universidad ,1,07-06-2019,23:49:26,52.53125,50.75,90.24844000000004,10.439843765625003
universidad ,1,06-06-2019,23:58:52,37.7906976744186,36.348837209302324,88.94961496124034,11.539534937984492
universidad ,1,05-06-2019,23:52:04,16.36,14.92,80.07466839999998,14.488
universidad ,1,04-06-2019,19:07:11,16.97029702970297,15.831683168316832,94.47426069306927,13.49009900990098
universidad ,1,03-06-2019,23:51:16,65.1953125,63.2734375,93.62265960937498,12.781250023437497
universidad ,1,02-06-2019,23:55:56,28.572580645161292,27.177419354838708,94.2137129032259,13.337903225806462
universidad ,1,01-06-2019,23:58:54,22.875968992248062,21.612403100775193,90.39147573643412,13.081395348837207
universidad ,1,30-05-2019,23:58:07,29.014705882352942,27.705882352941178,60.16764764705883,8.288235294117646
universidad ,1,29-05-2019,19:01:23,42.915789473684214,41.26315789473684,0.0,0.0
universidad ,1,28-05-2019,23:57:47,43.31272727272727,42.57818181818182,0.0,0.0
universidad ,1,27-05-2019,17:15:50,64.15463917525773,0.0,0.0,0.0
universidad ,1,26-05-2019,23:54:52,125.99264705882354,0.0,0.0,0.0
universidad ,1,25-05-2019,23:54:56,176.93693693693695,0.0,0.0,0.0
universidad ,1,24-05-2019,23:52:19,385.9310344827586,0.0,0.0,0.0
universidad ,1,23-05-2019,14:58:05,99.42441860465117,24.337209302325583,0.0,0.0
universidad ,1,22-05-2019,23:28:55,144.11711711711712,141.15315315315314,0.0,0.0
universidad ,1,21-05-2019,23:52:26,120.9375,118.32142857142857,0.0,0.0
universidad ,1,20-05-2019,23:56:17,59.26229508196721,57.5,0.0,0.0
universidad ,1,19-05-2019,23:50:46,85.55932203389831,83.41525423728814,0.0,0.0
universidad ,1,18-05-2019,23:55:52,68.70588235294117,66.74789915966386,0.0,0.0
universidad ,1,17-05-2019,23:49:43,37.66355140186916,36.271028037383175,0.0,0.0
universidad ,1,16-05-2019,23:53:34,167.75438596491227,164.6315789473684,0.0,0.0
universidad ,1,15-05-2019,23:52:37,171.9203539823009,168.64601769911505,0.0,0.0
universidad ,1,14-05-2019,23:56:05,133.3125,130.48214285714286,0.0,0.0
universidad ,1,13-05-2019,23:57:40,80.82905982905983,78.73504273504274,0.0,0.0
universidad ,1,12-05-2019,23:51:30,295.0,290.0,0.0,0.0
universidad ,1,11-05-2019,13:23:19,33.55555555555556,32.041666666666664,0.0,0.0
universidad ,1,10-05-2019,23:52:27,81.33035714285714,79.09821428571429,0.0,0.0
universidad ,1,09-05-2019,23:57:12,61.23931623931624,59.35897435897436,0.0,0.0
universidad ,1,08-05-2019,23:50:13,31.08421052631579,29.74736842105263,0.0,0.0
universidad ,1,07-05-2019,23:52:55,14.954954954954955,13.90990990990991,0.0,0.0
universidad ,1,06-05-2019,23:54:53,12.742424242424242,11.704545454545455,0.0,0.0
universidad ,1,05-05-2019,23:50:58,20.862595419847327,19.53435114503817,0.0,0.0
universidad ,1,04-05-2019,23:58:09,29.548148148148147,28.2,0.0,0.0
universidad ,1,03-05-2019,16:01:33,14.135802469135802,12.987654320987655,0.0,0.0
universidad ,1,02-05-2019,23:58:28,38.92307692307692,37.34615384615385,0.0,0.0
universidad ,1,01-05-2019,23:55:11,20.437956204379564,19.226277372262775,0.0,0.0
universidad ,1,30-04-2019,22:59:24,60.904761904761905,58.992063492063494,0.0,0.0
universidad ,1,29-04-2019,23:57:43,26.616541353383457,25.338345864661655,0.0,0.0
universidad ,1,28-04-2019,23:52:59,39.00735294117647,37.43382352941177,0.0,0.0
universidad ,1,27-04-2019,23:58:40,66.61764705882354,64.61764705882354,0.0,0.0
universidad ,1,26-04-2019,23:53:53,54.6875,52.7125,0.0,0.0
universidad ,1,25-04-2019,16:36:12,138.51685393258427,135.65168539325842,0.0,0.0
universidad ,1,24-04-2019,23:58:54,117.69767441860465,115.11627906976744,0.0,0.0
universidad ,1,23-04-2019,23:55:48,33.54961832061068,32.13740458015267,0.0,0.0
universidad ,1,22-04-2019,23:52:48,28.562962962962963,27.177777777777777,0.0,0.0
universidad ,1,21-04-2019,23:50:01,49.11940298507463,47.46268656716418,0.0,0.0
universidad ,1,20-04-2019,23:55:22,61.06617647058823,59.13235294117647,0.0,0.0
universidad ,1,19-04-2019,23:50:41,26.110294117647058,24.852941176470587,0.0,0.0
universidad ,1,18-04-2019,23:56:19,58.37931034482759,56.41379310344828,0.0,0.0
universidad ,1,04-04-2019,03:23:37,9.0,8.0,0.0,0.0
universidad ,1,31-12-1999,21:00:41,36.6,35.2,64.56000200000001,8.66
